Year,Month,Day,Name,Location,Country,Latitude,Longitude,Elevation (m),Type,VEI,Agent,Deaths,Death Description,Missing,Missing Description,Injuries,Injuries Description,Damage ($Mil),Damage Description,Houses Destroyed,Houses Destroyed Description,Total Deaths,Total Death Description,Total Missing,Total Missing Description,Total Injuries,Total Injuries Description,Total Damage ($Mil),Total Damage Description,Total Houses Destroyed,Total Houses Destroyed Description
,,,,,,,,,,,,,,,,,,,,,,,,,,,,,,,
-4360,,,Macauley,Kermadec Is,New Zealand,-30.21,-178.475,238,Caldera,6,,,,,,,,,,,,,,,,,,,,,
-4350,,,Kikai,Ryukyu Is,Japan,30.793,130.305,704,Caldera,7,P,,3,,,,,,3,,3,,3,,,,,,3,,3
-4050,,,Masaya,Nicaragua,Nicaragua,11.985,-86.165,594,Caldera,6,,,,,,,,,,,,,,,,,,,,,
-4000,,,Witori,New Britain-SW Pac,Papua New Guinea,-5.576,150.516,724,Caldera,6,T,,1,,,,,,1,,,,1,,,,,,1,,
-3580,,,Taal,Luzon-Philippines,Philippines,14.002,120.993,311,Stratovolcano,6,,,,,,,,,,,,,,,,,,,,,
-3550,,,Pinatubo,Luzon-Philippines,Philippines,15.13,120.35,1486,Stratovolcano,6,,,,,,,,,,,,,,,,,,,,,
-2420,,,Vesuvius,Italy,Italy,40.821,14.426,1281,Complex volcano,5,"P,T",,,,,,,,,,,,,,,,,,,,
-2040,,,Long Island,New Guinea-NE of,Papua New Guinea,-5.358,147.12,1280,Complex volcano,6,,,,,,,,,,,,,,,,,,,,,
-1900,,,Black Peak,Alaska Peninsula,United States,56.552,-158.785,1032,Stratovolcano,6,,,,,,,,,,,,,,,,,,,,,
-1890,,,"Hudson, Cerro",Chile-S,Chile,-45.9,-72.97,1905,Stratovolcano,6,,,,,,,,,,,,,,,,,,,,,
-1860,,,St. Helens,US-Washington,United States,46.2,-122.18,2549,Stratovolcano,6,,,,,,,,,,,,,,,,,,,,,
-1750,,,Veniaminof,Alaska Peninsula,United States,56.17,-159.38,2507,Stratovolcano,6,,,,,,,,,,,,,,,,,,,,,
-1645,,,Aniakchak,Alaska Peninsula,United States,56.88,-158.17,1341,Caldera,6,,,,,,,,,,,,,,,,,,,,,
-1610,,,Santorini,Greece,Greece,36.404,25.396,367,Shield volcano,7,W,,3,,,,,,3,,,,3,,,,,,3,,
-1550,,,Redoubt,Alaska-SW,United States,60.485,-152.742,3108,Stratovolcano,,,,,,,,,,,,,,,,,,,,,,
-1460,,,Taupo,New Zealand,New Zealand,-38.82,176,760,Caldera,6,,,,,,,,,,,,,,,,,,,,,
-1370,,,Witori,New Britain-SW Pac,Papua New Guinea,-5.576,150.516,724,Caldera,6,,,,,,,,,,,,,,,,,,,,,
-1050,,,Pinatubo,Luzon-Philippines,Philippines,15.13,120.35,1486,Stratovolcano,6,,,,,,,,,,,,,,,,,,,,,
-1010,,,Tungurahua,Ecuador,Ecuador,-1.467,-78.442,5023,Stratovolcano,5,,,3,,,,,,,,,,3,,,,,,,,
-455,,,Cotopaxi,Ecuador,Ecuador,-0.677,-78.436,5911,Stratovolcano,4,M,,1,,,,,,,,,,1,,,,,,,,
-250,,,Raoul Island,Kermadec Is,New Zealand,-29.27,-177.92,516,Stratovolcano,6,,,,,,,,,,,,,,,,,,,,,
-197,,,Santorini,Greece,Greece,36.404,25.396,367,Shield volcano,3,,,,,,,,,,,,,,,,,,,,,
-150,,,St. Andrew Strait,Admiralty Is-SW Paci,Papua New Guinea,-2.38,147.35,270,Complex volcano,,,,3,,,,,,,,,,3,,,,,,,,
-141,,,Etna,Italy,Italy,37.748,14.999,3357,Stratovolcano,,,40,1,,,,,,,,,40,1,,,,,,,,
-100,,,Okmok,Aleutian Is,United States,53.43,-168.13,1073,Shield volcano,6,,,,,,,,,,,,,,,,,,,,,
-50,,,Apoyeque,Nicaragua,Nicaragua,12.242,-86.342,518,Pyroclastic shield,6,,,,,,,,,,,,,,,,,,,,,
46,,,Santorini,Greece,Greece,36.404,25.396,367,Shield volcano,3,,,,,,,,,,,,,,,,,,,,,
50,,,Ambrym,Vanuatu-SW Pacific,Vanuatu,-16.25,168.12,1334,Pyroclastic shield,6,,,,,,,,,,,,,,,,,,,,,
60,,,Churchill,Alaska-E,United States,61.38,-141.75,5005,Stratovolcano,6,,,,,,,,,,,,,,,,,,,,,
79,8,25,Vesuvius,Italy,Italy,40.821,14.426,1281,Complex volcano,5,"P,T",2100,4,,,,,,,,,2100,4,,,,,,,,
200,,,"Arhab, Harra of",Arabia-S,Yemen,15.63,44.08,3100,Volcanic field,,,,,,,,,,1,,,,,,,,,,1,,
233,,,Taupo,New Zealand,New Zealand,-38.82,176,760,Caldera,6,,,,,,,,,,,,,,,,,,,,,
240,,,Ksudach,Kamchatka,Russia,51.844,157.572,1079,Stratovolcano,6,,,,,,,,,,,,,,,,,,,,,
350,,,Augustine,Alaska-SW,United States,59.363,-153.43,1252,Lava dome,,,,,,,,,,,,,,,,,,,,,,
416,,,Krakatau,Indonesia,Indonesia,-6.102,105.423,155,Caldera,,W,,1,,,,,,1,,,,3,,,,,,4,,
450,,,Ilopango,El Salvador,El Salvador,13.672,-89.053,450,Caldera,6,,30000,4,,,,,,,,,30000,4,,,,,,,,
500,,,"Arhab, Harra of",Arabia-S,Yemen,15.63,44.08,3100,Volcanic field,,,,,,,,,,1,,,,,,,,,,1,,
590,,,San Salvador,El Salvador,El Salvador,13.734,-89.294,1893,Stratovolcano,,,,1,,,,,,,,,,1,,,,,,,,
640,,,"Uwayrid, Harrat",Arabia-W,Saudi Arabia,27.08,37.25,1920,Volcanic field,2,T,,1,,,,,,,,,,1,,,,,,,,
653,,,Dakataua,New Britain-SW Pac,Papua New Guinea,-5.094,150.094,408,Caldera,6,,,,,,,,,,,,,,,,,,,,,
683,,,Rabaul,New Britain-SW Pac,Papua New Guinea,-4.271,152.203,688,Pyroclastic shield,6,,,,,,,,,1,,,,,,,,,,,,
710,,,Witori,New Britain-SW Pac,Papua New Guinea,-5.576,150.516,724,Caldera,6,,,,,,,,,,,,,,,,,,,,,
764,,,Aira,Kyushu-Japan,Japan,31.593,130.657,1117,Stratovolcano,4,"T,L",80,2,,,,,,,,,80,2,,,,,,,,
766,7,20,Aira,Kyushu-Japan,Japan,31.593,130.657,1117,Stratovolcano,3,,,3,,,,,,,,,,3,,,,,,,,
787,,,Vesuvius,Italy,Italy,40.821,14.426,1281,Complex volcano,3,,,1,,,,,,1,,,,1,,,,,,1,,
847,,,Churchill,Alaska-E,United States,61.38,-141.75,5005,Stratovolcano,6,,,,,,,,,,,,,,,,,,,,,
920,,,Katla,Iceland-S,Iceland,63.633,-19.083,1490,Subglacial volcano,4,,,,,,,,,1,,,,,,,,,,,,
930,,,Ceboruco,Mexico,Mexico,21.125,-104.508,2280,Stratovolcano,6,,,,,,,,,,,,,,,,,,,,,
934,,,Katla,Iceland-S,Iceland,63.633,-19.083,1490,Subglacial volcano,4,,,,,,,,,1,,,,,,,,,,1,,
946,,,Changbaishan,China-E,North Korea,41.98,128.08,2744,Stratovolcano,7,,,,,,,,,,,,,,,,,,,,,
950,,,Katla,Iceland-S,Iceland,63.633,-19.083,1490,Subglacial volcano,,,,,,,,,,1,,,,,,,,,,,,
1050,,,Santorini,Greece,Greece,36.404,25.396,367,Shield volcano,,,,,,,,,,,,,,,,,,,,,,
1104,10,15,Hekla,Iceland-S,Iceland,63.983,-19.666,1490,Stratovolcano,5,,,,,,,,,1,,,,,,,,,,1,,
1151,,,Krysuvik-Trolladyngja,Iceland-SW,Iceland,63.917,-22.067,360,Crater rows,1,,,,,,,,,1,,,,,,,,,,1,,
1158,1,19,Hekla,Iceland-S,Iceland,63.983,-19.666,1490,Stratovolcano,4,,,,,,,,,1,,,,,,,,,,1,,
1169,2,4,Etna,Italy,Italy,37.748,14.999,3357,Stratovolcano,,"S,W",,,,,,,,,,,16000,4,,,,,,4,,
1169,2,11,Etna,Italy,Italy,37.748,14.999,3357,Stratovolcano,,,,,,,,,,,,,,,,,,,,,,
1177,,,Katla,Iceland-S,Iceland,63.633,-19.083,1490,Subglacial volcano,3,,,,,,,,,1,,,,,,,,,,1,,
1206,12,4,Hekla,Iceland-S,Iceland,63.983,-19.666,1490,Stratovolcano,2,,,,,,,,,1,,,,,,,,,,1,,
1250,,,Fentale,Africa-NE,Ethiopia,8.975,39.93,2007,Stratovolcano,,,,,,,,,,1,,,,,,,,,,,,
1262,,,Katla,Iceland-S,Iceland,63.633,-19.083,1490,Subglacial volcano,3,F,,1,,,,,,,,,,1,,,,,,,,
1280,,,Quilotoa,Ecuador,Ecuador,-0.85,-78.9,3914,Caldera,6,,,,,,,,,1,,,,,,,,,,,,
1300,7,11,Hekla,Iceland-S,Iceland,63.983,-19.666,1490,Stratovolcano,4,,,,,,,,,,,,600,3,,,,,,,,
1302,,,Ischia,Italy,Italy,40.73,13.897,789,Complex volcano,,,,1,,,,,,,,,,1,,,,,,,,
1311,1,18,Katla,Iceland-S,Iceland,63.633,-19.083,1490,Subglacial volcano,4,F,,2,,,,,,,,,,2,,,,,,,,
1311,,,Kelud,Java,Indonesia,-7.935,112.314,1730,Stratovolcano,3,,,1,,,,,,,,,,1,,,,,,,,
1329,6,28,Etna,Italy,Italy,37.748,14.999,3357,Stratovolcano,3,,,,,,,,,,,,,,,,,,,1,,1
1329,7,,Etna,Italy,Italy,37.748,14.999,3357,Stratovolcano,1,I,,3,,,,,,,,,,3,,,,,,,,
1331,12,,Asosan,Kyushu-Japan,Japan,32.884,131.104,1592,Caldera,2,,,1,,,,,,,,,,1,,,,,,,,
1334,,,Kelud,Java,Indonesia,-7.935,112.314,1730,Stratovolcano,3,,,1,,,,,,,,,,1,,,,,,,,
1341,5,19,Hekla,Iceland-S,Iceland,63.983,-19.666,1490,Stratovolcano,3,,,,,,,,,1,,,,,,,,,,1,,
1357,,,Katla,Iceland-S,Iceland,63.633,-19.083,1490,Subglacial volcano,4,,,,,,,,,1,,,,,,,,,,1,,
1362,6,5,Oraefajokull,Iceland-SE,Iceland,64,-16.65,2010,Stratovolcano,5,"T,F",220,3,,,,,,,,,220,3,,,,,,,,
1375,,,"Chichon, El",Mexico,Mexico,17.36,-93.228,1150,Tuff cone,5,M,,2,,,,,,,,,,2,,,,,,,,
1376,,,Kelud,Java,Indonesia,-7.935,112.314,1730,Stratovolcano,3,,,1,,,,,,,,,,1,,,,,,,,
1385,,,Kelud,Java,Indonesia,-7.935,112.314,1730,Stratovolcano,3,,,1,,,,,,,,,,1,,,,,,,,
1389,12,1,Hekla,Iceland-S,Iceland,63.983,-19.666,1490,Stratovolcano,3,,,,,,,,,1,,,,,,,,,,1,,
1410,3,5,Nasudake,Honshu-Japan,Japan,37.125,139.963,1915,Stratovolcano,3,,180,3,,,,,,,,,180,3,,,,,,,,
1430,,,Kuwae,Vanuatu-SW Pacific,Vanuatu,-16.829,168.536,-2,Caldera,,P,,3,,,,,,,,,,3,,,,,,,,
1471,11,3,Aira,Kyushu-Japan,Japan,31.593,130.657,1117,Stratovolcano,5,P,,3,,,,,,,,,,3,,,,,,,,
1477,2,,Bardarbunga,Iceland-NE,Iceland,64.633,-17.516,2000,Stratovolcano,6,,,,,,,,,1,,,,,,,,,,1,,
1485,1,,Asosan,Kyushu-Japan,Japan,32.884,131.104,1592,Caldera,2,,1,1,,,,,,,,,1,1,,,,,,,,
1500,,,Katla,Iceland-S,Iceland,63.633,-19.083,1490,Subglacial volcano,4,,,,,,,,,1,,,,,,,,,,1,,
1510,7,25,Hekla,Iceland-S,Iceland,63.983,-19.666,1490,Stratovolcano,4,T,1,1,,,,,,,,,1,1,,,,,,,,
1510,10,15,Hekla,Iceland-S,Iceland,63.983,-19.666,1490,Stratovolcano,4,I,,,,,,,,,,,,3,,,,,,,,
1536,3,23,Etna,Italy,Italy,37.748,14.999,3357,Stratovolcano,3,T,1,1,,,,,,,,,1,1,,,,,,,,
1538,9,29,Campi Flegrei,Italy,Italy,40.827,14.139,458,Caldera,3,T,24,1,,,,,,,,,24,1,,,,,,,,
1540,,,Augustine,Alaska-SW,United States,59.363,-153.43,1252,Lava dome,4,,,,,,,,,,,,,,,,,,,,,
1550,11,,Dukono,Halmahera-Indonesia,Indonesia,1.693,127.894,1229,Complex volcano,3,,,1,,,,,,,,,,1,,,,,,,,
1550,,,Kie Besi,Halmahera-Indonesia,Indonesia,0.32,127.4,1357,Stratovolcano,3,,,,,,,,,1,,,,,,,,,,1,,
1564,12,31,Gamkonora,Halmahera-Indonesia,Indonesia,1.38,127.53,1635,Stratovolcano,3,,,1,,,,,,,,,,1,,,,,,,,
1565,8,,Pacaya,Guatemala,Guatemala,14.382,-90.601,2569,Complex volcano,3,,,,,,,,,1,,,,,,,,,,1,,
1566,10,31,Kirishimayama,Kyushu-Japan,Japan,31.934,130.862,1700,Shield volcano,3,,,3,,,,,,,,,,3,,,,,,,,
1568,,,Savo,Solomon Is-SW Pacifi,Solomon Is.,-9.13,159.82,485,Stratovolcano,3,"P,T,M",1001,4,,,,,,,,,1001,4,,,,,,,,
1570,,,Mombacho,Nicaragua,Nicaragua,11.826,-85.968,1344,Stratovolcano,,A,400,3,,,,,,,,,400,3,,,,,,,,
1572,,,Taal,Luzon-Philippines,Philippines,14.002,120.993,311,Stratovolcano,3,L,,,,,,,,2,,,,,,,,,,2,,
1576,,,Colima,Mexico,Mexico,19.514,-103.62,3850,Stratovolcano,3,,,1,,,,,,,,,,1,,,,,,,,
1580,5,1,Sao Jorge,Azores,Portugal,38.65,-28.08,1053,Fissure vent,3,P,10,1,,,,,,,,,10,1,,,,,,,,
1580,8,11,Katla,Iceland-S,Iceland,63.633,-19.083,1490,Subglacial volcano,4,,,,,,,,,,,,,,,,,,,,,
1580,,,Billy Mitchell,Bougainville-SW Paci,Papua New Guinea,-6.092,155.225,1544,Pyroclastic shield,6,,,,,,,,,,,,,,,,,,,,,
1581,12,26,Fuego,Guatemala,Guatemala,14.473,-90.88,3763,Stratovolcano,4,,,,,,,,,1,,,,,,,,,,1,,
1586,,,Kelud,Java,Indonesia,-7.935,112.314,1730,Stratovolcano,5,,10000,4,,,,,,,,,10000,4,,,,,,,,
1587,,,Merapi,Java,Indonesia,-7.54,110.446,2910,Stratovolcano,4,,,1,,,,,,,,,,1,,,,,,,,
1590,1,15,Colima,Mexico,Mexico,19.514,-103.62,3850,Stratovolcano,3,I,,3,,,,,,,,,,3,,,,,,,,
1593,,,Raung,Java,Indonesia,-8.119,114.056,3260,Stratovolcano,5,,,3,,,,,,,,,,3,,,,,,,,
1595,3,12,"Ruiz, Nevado del",Colombia,Colombia,4.892,-75.324,5279,Stratovolcano,4,M,636,3,,,,,,,,,636,3,,,,,,,,
1596,5,1,Asamayama,Honshu-Japan,Japan,36.406,138.523,2568,Complex volcano,2,T,,3,,,,,,,,,,3,,,,,,,,
1597,1,3,Hekla,Iceland-S,Iceland,63.983,-19.666,1490,Stratovolcano,4,,,,,,,,,1,,,,,,,,,,1,,
1597,,,Raung,Java,Indonesia,-8.119,114.056,3260,Stratovolcano,3,T,,1,,,,,,,,,,1,,,,,,,,
1598,5,13,Asamayama,Honshu-Japan,Japan,36.406,138.523,2568,Complex volcano,2,T,800,3,,,,,,,,,800,3,,,,,,,,
1598,,,Banda Api,Banda Sea,Pacific Ocean,-4.523,129.881,596,Caldera,3,,,1,,,,,,,,,,1,,,,,,,,
1600,2,19,Huaynaputina,Peru,Peru,-16.608,-70.85,4850,Stratovolcano,6,,1500,4,,,,,,,,,1500,4,,,,,,,,
1606,1,23,Hachijojima,Izu Is-Japan,Japan,33.137,139.766,854,Stratovolcano,2,,,,,,,,,,,,,,,,,,,,,
1608,7,18,Gamalama,Halmahera-Indonesia,Indonesia,0.8,127.33,1715,Stratovolcano,3,,,,,,,,,1,,,,1,,,,,,1,,
1609,,,Tengchong,China-S,China,25.23,98.5,2865,Pyroclastic cone,,E,,1,,,,,,,,,,1,,,,,,,,
1615,3,,Banda Api,Banda Sea,Pacific Ocean,-4.523,129.881,596,Caldera,3,,,,,,,,,2,,2,,,,,,,,2,,2
1617,,,Fuego,Guatemala,Guatemala,14.473,-90.88,3763,Stratovolcano,3,,,,,,,,,,,,,,,,,,,,,
1625,9,2,Katla,Iceland-S,Iceland,63.633,-19.083,1490,Subglacial volcano,5,,,,,,,,,,,,,,,,,,,,,
1629,,,Grimsvotn,Iceland-NE,Iceland,64.416,-17.316,1719,Caldera,2,F,4,1,,,,,,,,,4,1,,,,,,,,
1630,9,3,Furnas,Azores,Portugal,37.77,-25.32,805,Stratovolcano,4,"M,T",200,3,,,,,,,,,200,3,,,,,,,,
1631,2,14,Dama Ali,Africa-NE,Ethiopia,11.28,41.63,1068,Shield volcano,,S,50,1,,,,,,2,,,50,1,,,,,,2,,
1631,12,16,Vesuvius,Italy,Italy,40.821,14.426,1281,Complex volcano,5,"P,E,M",4000,4,,,,,,4,,4,4000,4,,,,,,4,,4
1636,5,15,Hekla,Iceland-S,Iceland,63.983,-19.666,1490,Stratovolcano,3,,,,,,,,,1,,,,,,,,,,1,,
1638,,,Raung,Java,Indonesia,-8.119,114.056,3260,Stratovolcano,4,M,1001,4,,,,,,,,,1001,4,,,,,,,,
1640,7,31,Hokkaido-Komagatake,Hokkaido-Japan,Japan,42.063,140.677,1131,Stratovolcano,5,W,,,,,,,,,,,700,3,,,,,,1,20,1
1640,,,Tungurahua,Ecuador,Ecuador,-1.467,-78.442,5023,Stratovolcano,3,P,5000,4,,,,,,,,4,5000,4,,,,,,,,4
1646,7,19,Kie Besi,Halmahera-Indonesia,Indonesia,0.32,127.4,1357,Stratovolcano,4,P,,3,,,,,,,,,,3,,,,,,,,
1650,9,26,Santorini,Greece,Greece,36.404,25.396,367,Shield volcano,4,"G,W,T",120,3,,,,,,1,,,120,3,,,,,,1,,
1659,9,30,San Salvador,El Salvador,El Salvador,13.734,-89.294,1893,Stratovolcano,3,S,,,,,,,,,,,,,,,,,,,,
1659,11,11,Teon,Banda Sea,Pacific Ocean,-6.976,129.144,728,Stratovolcano,4,,,,,,,,,,,,,,,,,,,,,
1660,2,,Teon,Banda Sea,Pacific Ocean,-6.976,129.144,728,Stratovolcano,4,"G,T",3,1,,,,,,,,,3,1,,,,,,,,
1660,10,27,Guagua Pichincha,Ecuador,Ecuador,-0.171,-78.598,4784,Stratovolcano,4,P,,,,,,,,2,,,,,,,,,,2,,
1660,11,3,Katla,Iceland-S,Iceland,63.633,-19.083,1490,Subglacial volcano,4,,,,,,,,,1,,,,,,,,,,1,,
1660,,,Long Island,New Guinea-NE of,Papua New Guinea,-5.358,147.12,1280,Complex volcano,6,"T,P,W,I",2000,4,,,,,,3,,3,2000,4,,,,,,3,,3
1663,8,16,Toya,Hokkaido-Japan,Japan,42.544,140.839,733,Stratovolcano,5,"T,P",5,1,,,,,,,,,5,1,,,,,,,,
1664,4,15,Unzendake,Kyushu-Japan,Japan,32.761,130.299,1483,Complex volcano,2,m,30,1,,,,,,,,,30,1,,,,,,,,
1664,,,Io-Torishima,Ryukyu Is,Japan,27.881,128.223,212,Complex volcano,,A,,1,,,,,,,,,,1,,,,,,1,,1
1669,3,11,Etna,Italy,Italy,37.748,14.999,3357,Stratovolcano,3,,,3,,,,,,,,,,3,,,,,,,,
1669,3,19,Etna,Italy,Italy,37.748,14.999,3357,Stratovolcano,3,L,2,1,,,5,1,,,,,2,1,,,5,1,,,,
1670,,,Ambae,Vanuatu-SW Pacific,Vanuatu,-15.389,167.835,1496,Shield volcano,2,L,,3,,,,,,,,,,3,,,,,,,,
1672,4,24,Fayal,Azores,Portugal,38.576,-28.713,1041,Stratovolcano,2,,3,1,,,,,,,,,3,1,,,,,,,,
1672,8,4,Merapi,Java,Indonesia,-7.54,110.446,2910,Stratovolcano,3,P,3000,4,,,,,,,,,3000,4,,,,,,,,
1673,5,20,Gamkonora,Halmahera-Indonesia,Indonesia,1.38,127.53,1635,Stratovolcano,5,W,,,,,,,,1,,1,,3,,,,,,1,,1
1677,11,22,La Palma,Canary Is,Spain,28.57,-17.83,2426,Stratovolcano,2,G,1,1,,,,,,,,,1,1,,,,,,,,
1679,9,21,Zukur,Red Sea,Yemen,14.02,42.75,624,Shield volcano,,,,,,,,,,,,,,,,,,,,,,
1682,8,12,Vesuvius,Italy,Italy,40.821,14.426,1281,Complex volcano,3,,4,1,,,,,,,,,4,1,,,,,,,,
1684,12,,Grimsvotn,Iceland-NE,Iceland,64.416,-17.316,1719,Caldera,2,F,1,1,,,,,,,,,1,1,,,,,,,,
1690,2,3,Vesuvius,Italy,Italy,40.821,14.426,1281,Complex volcano,3,W,,,,,,,,,,,,,,,,,,,,
1690,,,Guntur,Java,Indonesia,-7.143,107.841,2251,Complex volcano,3,,,1,,,,,,,,,,1,,,,,,,,
1692,6,4,Serua,Banda Sea,Pacific Ocean,-6.312,130.017,608,Stratovolcano,4,L,,2,,,,,,,,,,2,,,,,,,,
1693,1,9,Etna,Italy,Italy,37.748,14.999,3357,Stratovolcano,,,,,,,,,,,,,,,,,,,,,,
1693,2,13,Hekla,Iceland-S,Iceland,63.983,-19.666,1490,Stratovolcano,4,,,,,,,,,,,,,,,,,,,,,
1694,11,20,Banda Api,Banda Sea,Pacific Ocean,-4.523,129.881,596,Caldera,3,,,2,,,,,,,,,,2,,,,,,,,
1698,5,,Vesuvius,Italy,Italy,40.821,14.426,1281,Complex volcano,3,,,,,,,,,,,,,,,,,,,,,
1698,,,Ciremai,Java,Indonesia,-6.895,108.408,3039,Stratovolcano,3,,,1,,,,,,,,,,1,,,,,,,,
1698,,,Cotopaxi,Ecuador,Ecuador,-0.677,-78.436,5911,Stratovolcano,3,M,,2,,,,,,,,,,2,,,,,,,,
1706,5,5,Tenerife,Canary Is,Spain,28.271,-16.641,3715,Stratovolcano,2,,,,,,,,,3,,,,,,,,,,3,,
1707,5,,Santorini,Greece,Greece,36.404,25.396,367,Shield volcano,3,,,,,,,,,,,,,,,,,,,,,
1707,12,16,Fujisan,Honshu-Japan,Japan,35.361,138.728,3776,Stratovolcano,4,,,1,,,,,,1,75,1,,1,,,,,,1,75,1
1711,12,11,Awu,Sangihe Is-Indonesia,Indonesia,3.689,125.447,1318,Stratovolcano,3,P,3000,4,,,,,,,,,3000,4,,,,,,,,
1712,1,15,Bardarbunga,Iceland-NE,Iceland,64.633,-17.516,2000,Stratovolcano,2,,,,,,,,,1,,,,,,,,,,1,,
1714,6,30,Vesuvius,Italy,Italy,40.821,14.426,1281,Complex volcano,,,,,,,,,,,,,,,,,,,,,,
1716,7,20,Kelud,Java,Indonesia,-7.935,112.314,1730,Stratovolcano,2,M,,1,,,,,,,,,,1,,,,,,,,
1716,9,24,Taal,Luzon-Philippines,Philippines,14.002,120.993,311,Stratovolcano,4,,,1,,,,,,,,,,1,,,,,,3,,3
1716,10,5,Bardarbunga,Iceland-NE,Iceland,64.633,-17.516,2000,Stratovolcano,2,,,,,,,,,1,,,,,,,,,,1,,
1716,11,9,Kirishimayama,Kyushu-Japan,Japan,31.934,130.862,1700,Shield volcano,3,,1,1,,,31,1,,,,,1,1,,,31,1,,,,
1717,2,7,Kirishimayama,Kyushu-Japan,Japan,31.934,130.862,1700,Shield volcano,3,,1,1,,,30,1,,,,,1,1,,,30,1,,,,
1717,8,4,Bardarbunga,Iceland-NE,Iceland,64.633,-17.516,2000,Stratovolcano,3,,,,,,,,,1,,,,,,,,,,1,,
1717,8,27,Fuego,Guatemala,Guatemala,14.473,-90.88,3763,Stratovolcano,3,,,,,,,,,1,,,,,,,,,,1,,
1718,2,1,Pico,Azores,Portugal,38.47,-28.4,2351,Stratovolcano,2,,2,1,,,,,,,,,2,1,,,,,,,,
1721,5,11,Katla,Iceland-S,Iceland,63.633,-19.083,1490,Subglacial volcano,5,,,,,,,,,1,,,,,,,,,,1,,
1721,6,22,Asamayama,Honshu-Japan,Japan,36.406,138.523,2568,Complex volcano,1,T,15,1,,,,,,,,,15,1,,,,,,,,
1726,2,1,Bardarbunga,Iceland-NE,Iceland,64.633,-17.516,2000,Stratovolcano,1,,,,,,,,,1,,,,,,,,,,1,,
1727,8,3,Oraefajokull,Iceland-SE,Iceland,64,-16.65,2010,Stratovolcano,4,F,3,1,,,,,,,,,3,1,,,,,,,,
1729,2,1,Bardarbunga,Iceland-NE,Iceland,64.633,-17.516,2000,Stratovolcano,1,,,,,,,,,1,,,,,,,,,,1,,
1729,6,30,Krafla,Iceland-NE,Iceland,65.715,-16.728,800,Caldera,2,,,,,,,,,1,,,,,,,,,,1,,
1730,9,1,Lanzarote,Canary Is,Spain,29.03,-13.63,670,Fissure vent,2,,,1,,,,,,,,,,1,,,,,,,,
1730,,,Raung,Java,Indonesia,-8.119,114.056,3260,Stratovolcano,3,"M,T",,2,,,,,,,,,,2,,,,,,,,
1730,,,Tseax River Cone,Canada,Canada,55.12,-128.9,609,Pyroclastic cone,,G,,1,,,,,,,,,,1,,,,,,,,
1737,5,20,Vesuvius,Italy,Italy,40.821,14.426,1281,Complex volcano,2,T,2,1,,,,,,2,,,2,1,,,,,,2,,
1741,8,23,Oshima-Oshima,Hokkaido-Japan,Japan,41.51,139.367,732,Stratovolcano,4,"W,S",,,,,,,,,,,2000,4,,,,,,3,871,3
1742,6,15,Cotopaxi,Ecuador,Ecuador,-0.677,-78.436,5911,Stratovolcano,3,M,,3,,,,,,3,,,,3,,,,,,3,,
1742,12,9,Cotopaxi,Ecuador,Ecuador,-0.677,-78.436,5911,Stratovolcano,3,M,,3,,,,,,3,,,,3,,,,,,3,,
1749,8,11,Taal,Luzon-Philippines,Philippines,14.002,120.993,311,Stratovolcano,3,,,1,,,,,,1,,,,1,,,,,,3,,3
1753,10,15,Grimsvotn,Iceland-NE,Iceland,64.416,-17.316,1719,Caldera,2,,,,,,,,,1,,,,,,,,,,1,,
1754,11,28,Taal,Luzon-Philippines,Philippines,14.002,120.993,311,Stratovolcano,4,"W,T",,1,,,,,,4,,4,12,1,,,,,,4,,4
1755,10,17,Katla,Iceland-S,Iceland,63.633,-19.083,1490,Subglacial volcano,4,E,2,1,,,,,,,,,2,1,,,,,,,,
1757,7,9,Sao Jorge,Azores,Portugal,38.65,-28.08,1053,Fissure vent,0,S,,,,,,,,,,,1053,4,,,,,,3,,4
1760,,,Kie Besi,Halmahera-Indonesia,Indonesia,0.32,127.4,1357,Stratovolcano,4,M,2000,4,,,,,,,,,2000,4,,,,,,,,
1762,,,Klyuchevskoy,Kamchatka,Russia,56.056,160.642,4754,Stratovolcano,2,,,1,,,,,,,,,,1,,,,,,,,
1766,4,5,Hekla,Iceland-S,Iceland,63.983,-19.666,1490,Stratovolcano,4,,,,,,,,,1,,,,,,,,,,1,,
1766,7,20,Mayon,Luzon-Philippines,Philippines,13.257,123.685,2462,Stratovolcano,3,m,49,1,,,,,,,,,49,1,,,,,,,,
1768,4,4,Cotopaxi,Ecuador,Ecuador,-0.677,-78.436,5911,Stratovolcano,4,M,,3,,,,,,3,,,,3,,,,,,3,,
1770,,,Dempo,Sumatra,Indonesia,-4.016,103.121,3142,Stratovolcano,,,,,,,,,,,,,,,,,,,,3,,3
1772,5,9,Gamalama,Halmahera-Indonesia,Indonesia,0.8,127.33,1715,Stratovolcano,3,T,35,1,,,,,,,,,35,1,,,,,,,,
1772,8,12,Papandayan,Java,Indonesia,-7.32,107.73,2665,Stratovolcano,3,A,2957,4,,,,,,,,3,2957,4,,,,,,,,3
1773,2,2,Gamalama,Halmahera-Indonesia,Indonesia,0.8,127.33,1715,Stratovolcano,2,I,,2,,,,,,,,,,2,,,,,,,,
1775,,,Gamalama,Halmahera-Indonesia,Indonesia,0.8,127.33,1715,Stratovolcano,3,"P,I",1300,4,,,,,,,,,1300,4,,,,,,,,
1775,,,Lokon-Empung,Sulawesi-Indonesia,Indonesia,1.358,124.792,1580,Stratovolcano,3,,,1,,,,,,,,,,1,,,,,,,,
1778,,,Raikoke,Kuril Is,Russia,48.292,153.25,551,Stratovolcano,4,T,15,1,,,,,,,,,15,1,,,,,,,,
1779,8,8,Vesuvius,Italy,Italy,40.821,14.426,1281,Complex volcano,2,,,1,,,,,,,,,,1,,,,,,,,
1779,11,8,Aira,Kyushu-Japan,Japan,31.593,130.657,1117,Stratovolcano,4,"T,W,I",153,3,,,,,,,,,153,3,,,,,,,,
1780,2,9,Aira,Kyushu-Japan,Japan,31.593,130.657,1117,Stratovolcano,4,F,,3,,,,,,,,,,3,,,,,,,,
1780,7,27,Aogashima,Izu Is-Japan,Japan,32.458,139.759,423,Stratovolcano,3,,7,1,,,,,,,,1,7,1,,,,,,,,1
1780,9,9,Aira,Kyushu-Japan,Japan,31.593,130.657,1117,Stratovolcano,4,,,,,,,,,,,,,,,,,,,,,
1780,10,31,Aira,Kyushu-Japan,Japan,31.593,130.657,1117,Stratovolcano,,,,,,,,,,,,,,,,,,,,,,
1781,4,11,Aira,Kyushu-Japan,Japan,31.593,130.657,1117,Stratovolcano,4,W,23,1,,,,,,,,,38,1,,,,,,1,,
1783,4,10,Aogashima,Izu Is-Japan,Japan,32.458,139.759,423,Stratovolcano,3,T,7,1,,,,,,,61,2,7,1,,,,,,,61,2
1783,8,5,Asamayama,Honshu-Japan,Japan,36.406,138.523,2568,Complex volcano,4,"F,P,I",1491,4,,,,,,,,,1491,4,,,,,,,,
1784,4,,Grimsvotn,Iceland-NE,Iceland,64.416,-17.316,1719,Caldera,4,I,,,,,,,,,,,9350,4,,,,,,,,
1784,7,,Coropuna,Peru,Peru,-15.52,-72.65,6377,Stratovolcano,,,,,,,,,,1,,,,,,,,,,1,,
1784,,,Hualalai,Hawaiian Is,United States,19.692,-155.87,2523,Shield volcano,0,L,,1,,,,,,,,,,1,,,,,,,,
1785,4,18,Aogashima,Izu Is-Japan,Japan,32.458,139.759,423,Stratovolcano,3,,135,3,,,,,,,,,135,3,,,,,,,,
1786,,,Dieng Volcanic Complex,Java,Indonesia,-7.2,109.879,2565,Complex volcano,2,A,38,1,,,,,,,,2,38,1,,,,,,,,2
1789,,,Izu-Oshima,Izu Is-Japan,Japan,34.724,139.394,746,Stratovolcano,2,T,,1,,,,,,,,,,1,,,,,,,,
1790,11,,Kilauea,Hawaiian Is,United States,19.421,-155.287,1222,Shield volcano,4,P,5405,4,,,,,,,,,5405,4,,,,,,,,
1792,5,21,Unzendake,Kyushu-Japan,Japan,32.761,130.299,1483,Complex volcano,2,"W,A",,1,,,,,,,,,15000,4,,,707,3,,4,6200,4
1794,6,15,Vesuvius,Italy,Italy,40.821,14.426,1281,Complex volcano,3,"M,L,T,G",400,3,,,,,,3,,,400,3,,,,,,3,,
1797,,,Aira,Kyushu-Japan,Japan,31.593,130.657,1117,Stratovolcano,2,"T,W",,,,,,,,,,,,,,,,,,,,
1800,10,8,Guntur,Java,Indonesia,-7.143,107.841,2251,Complex volcano,,M,,3,,,,,,,,,,3,,,,,,,,
1800,10,30,Mayon,Luzon-Philippines,Philippines,13.257,123.685,2462,Stratovolcano,2,,,1,,,,,,,,,,1,,,,,,,,
1800,,,Kyejo,Africa-E,Tanzania,-9.229,33.792,2176,Stratovolcano,2,L,,3,,,,,,3,,,,3,,,,,,3,,
1800,,,St. Helens,US-Washington,United States,46.2,-122.18,2549,Stratovolcano,5,I,,3,,,,,,,,,,3,,,,,,,,
1800,,,Hualalai,Hawaiian Is,United States,19.692,-155.87,2523,Shield volcano,0,L,2,1,,,,,,,,,2,1,,,,,,,,
1801,8,14,Chokaisan,Honshu-Japan,Japan,39.099,140.049,2236,Stratovolcano,2,T,8,1,,,,,,,,,8,1,,,,,,,,
1803,7,4,Asamayama,Honshu-Japan,Japan,36.406,138.523,2568,Complex volcano,2,,,1,,,,,,,,,,1,,,,,,,,
1803,11,7,Asamayama,Honshu-Japan,Japan,36.406,138.523,2568,Complex volcano,2,T,,1,,,,,,,,,,1,,,,,,,,
1804,,,Shikotsu,Hokkaido-Japan,Japan,42.688,141.38,1320,Caldera,3,,,3,,,,,,,,,,3,,,,,,,,
1805,8,11,Vesuvius,Italy,Italy,40.821,14.426,1281,Complex volcano,2,,4,1,,,,,,,,,4,1,,,,,,,,
1808,5,1,Sao Jorge,Azores,Portugal,38.65,-28.08,1053,Fissure vent,1,L,9,1,,,,,,,,,9,1,,,,,,,,
1812,4,27,Soufriere St. Vincent,W Indies,St. Vincent & the Grenadines,13.33,-61.18,1220,Stratovolcano,4,"T, m",56,2,,,,,,1,,1,56,2,,,,,,1,,1
1812,8,6,Awu,Sangihe Is-Indonesia,Indonesia,3.689,125.447,1318,Stratovolcano,3,"P,M",953,3,,,,,,,,,953,3,,,,,,,,
1813,5,,Vesuvius,Italy,Italy,40.821,14.426,1281,Complex volcano,2,,,,,,,,,,,,,,,,,,,,,
1814,2,1,Mayon,Luzon-Philippines,Philippines,13.257,123.685,2462,Stratovolcano,4,"P,M,E",1200,4,,,,,,3,,3,1200,4,,,,,,3,,3
1815,4,10,Tambora,Lesser Sunda Is,Indonesia,-8.25,118,2850,Stratovolcano,7,"P,W,A,I",11000,4,,,,4,,4,,4,60000,4,,,,4,,4,,4
1816,7,5,Asosan,Kyushu-Japan,Japan,32.884,131.104,1592,Caldera,2,T,1,1,,,,,,,,,1,1,,,,,,,,
1817,1,24,Ijen,Java,Indonesia,-8.058,114.242,2769,Stratovolcano,2,M,,2,,,,,,,90,2,,2,,,,,,,90,2
1817,,,Raung,Java,Indonesia,-8.119,114.056,3260,Stratovolcano,4,,,1,,,,,,,,,,1,,,,,,,,
1818,2,5,Colima,Mexico,Mexico,19.514,-103.62,3850,Stratovolcano,4,,,1,,,,,,,,,,1,,,,,,,,
1819,,,Asuncion,Mariana Is-C Pacific,United States,19.671,145.406,857,Stratovolcano,,,,,,,,,,,,,,,,,,,,,,
1820,3,1,Westdahl,Aleutian Is,United States,54.516,-164.65,1563,Stratovolcano,2,,,,,,,,,,,,,,,,,,,,,
1820,6,11,Banda Api,Banda Sea,Pacific Ocean,-4.523,129.881,596,Caldera,2,,,1,,,,,,,,,,1,,,,,,,,
1822,3,9,Toya,Hokkaido-Japan,Japan,42.544,140.839,733,Stratovolcano,4,P,50,1,,,53,2,,,,2,50,1,,,53,2,,,,2
1822,10,8,Galunggung,Java,Indonesia,-7.25,108.058,2168,Stratovolcano,5,"P,M",4011,4,,,,,,3,,3,4011,4,,,,,,3,,3
1822,12,27,Merapi,Java,Indonesia,-7.54,110.446,2910,Stratovolcano,3,,100,2,,,,2,,3,,3,100,2,,,,2,,3,,3
1823,2,,Kilauea,Hawaiian Is,United States,19.421,-155.287,1222,Shield volcano,0,L,,1,,,,,,,,,,1,,,,,,,,
1825,3,21,Shishaldin,Aleutian Is,United States,54.756,-163.97,2857,Stratovolcano,3,,,,,,,,,,,,,,,,,,,,,
1825,,,Balbi,Bougainville-SW Paci,Papua New Guinea,-5.92,154.98,2715,Stratovolcano,,P,,3,,,,,,,,,,3,,,,,,,,
1826,10,11,Kelud,Java,Indonesia,-7.935,112.314,1730,Stratovolcano,3,M,,1,,,65,2,,3,,3,,1,,,65,2,,3,,3
1826,10,11,Dieng Volcanic Complex,Java,Indonesia,-7.2,109.879,2565,Complex volcano,2,,,2,,,,,,,,,,2,,,,,,,,
1826,10,,Asosan,Kyushu-Japan,Japan,32.884,131.104,1592,Caldera,2,T,,3,,,,,,,,,,3,,,,,,,,
1827,6,27,Avachinsky,Kamchatka,Russia,53.256,158.836,2717,Stratovolcano,2,,,,,,,,,,,,,,,,,,,,,
1827,8,9,Avachinsky,Kamchatka,Russia,53.256,158.836,2717,Stratovolcano,2,,,,,,,,,,,,,,,,,,,,,
1829,,,Guntur,Java,Indonesia,-7.143,107.841,2251,Complex volcano,2,,,3,,,,,,,,,,3,,,,,,,,
1832,11,1,Etna,Italy,Italy,37.748,14.999,3357,Stratovolcano,2,L,,2,,,,,,,,,,2,,,,,,,,
1832,12,25,Merapi,Java,Indonesia,-7.54,110.446,2910,Stratovolcano,3,,32,1,,,,,,,,2,32,1,,,,,,,,2
1833,11,24,Kaba,Sumatra,Indonesia,-3.522,102.615,1940,Stratovolcano,2,M,126,3,,,,,,,,,126,3,,,,,,,,
1835,1,20,Cosiguina,Nicaragua,Nicaragua,12.98,-87.57,872,Stratovolcano,5,"G,I",,1,,,,,,,,,,1,,,,,,,,
1835,11,1,Banda Api,Banda Sea,Pacific Ocean,-4.523,129.881,596,Caldera,,,,3,,,,,,2,,2,,3,,,,,,2,,2
1837,9,,Peuet Sague,Sumatra,Indonesia,4.903,96.289,2785,Complex volcano,,,,,,,,,,,,,,,,,,,,,,
1838,2,26,Gamalama,Halmahera-Indonesia,Indonesia,0.8,127.33,1715,Stratovolcano,2,T,4,1,,,,,,,,,4,1,,,,,,,,
1839,2,12,Unnamed,Chile-Is,Chile,-33.62,-76.83,-642,Submarine volcano,2,,,,,,,,,,,,,,,,,,,,,
1840,2,2,Gamalama,Halmahera-Indonesia,Indonesia,0.8,127.33,1715,Stratovolcano,3,,,,,,,,,1,,,,,,,,,,2,500,3
1840,5,30,Kilauea,Hawaiian Is,United States,19.421,-155.287,1222,Shield volcano,0,,,,,,,,,1,,,,,,,,,,1,,
1840,7,2,Ararat,Turkey,Turkey,39.7,44.3,5165,Stratovolcano,3,P,1900,4,,,,,,,,,1900,4,,,,,,,,
1840,,,Savo,Solomon Is-SW Pacifi,Solomon Is.,-9.13,159.82,485,Stratovolcano,3,P,,3,,,,,,,,,,3,,,,,,,,
1840,,,Tinakula,Santa Cruz Is-SW Pac,Solomon Is.,-10.386,165.804,796,Stratovolcano,3,P,,3,,,,,,,,,,3,,,,,,,,
1841,4,,Kuchinoerabujima,Ryukyu Is,Japan,30.443,130.217,657,Stratovolcano,2,T,,,,,,,,2,,2,,,,,,,,2,,2
1843,2,8,Liamuiga,W Indies,St. Kitts & Nevis,17.37,-62.8,1156,Stratovolcano,0,,,,,,,,,,,,,,,,,,,,,
1843,2,17,Soufriere Guadeloupe,W Indies,Guadeloupe,16.044,-61.664,1467,Stratovolcano,,,,,,,,,,,,,,,,,,,,,,
1843,8,,Lamongan,Java,Indonesia,-7.981,113.341,1641,Stratovolcano,2,,4,1,,,,,,,,,4,1,,,,,,,,
1843,11,17,Etna,Italy,Italy,37.748,14.999,3357,Stratovolcano,2,L,56,2,,,,2,,,,,56,2,,,,2,,,,
1845,2,8,Soputan,Sulawesi-Indonesia,Indonesia,1.112,124.737,1785,Stratovolcano,2,,,,,,,,,,,,118,3,,,,,,2,,3
1845,2,19,"Ruiz, Nevado del",Colombia,Colombia,4.892,-75.324,5279,Stratovolcano,3,M,1000,3,,,,,,,,,1000,3,,,,,,,,
1845,9,2,Hekla,Iceland-S,Iceland,63.983,-19.666,1490,Stratovolcano,4,,,,,,,,,1,,,,,,,,,,1,,
1846,5,7,Taupo,New Zealand,New Zealand,-38.82,176,760,Caldera,,m,63,2,,,,,,,,,63,2,,,,,,,,
1846,5,27,Tangkuban Parahu,Java,Indonesia,-6.77,107.6,2084,Stratovolcano,2,,,1,,,,,,,,,,1,,,,,,,,
1846,11,18,Esan,Hokkaido-Japan,Japan,41.805,141.166,618,Stratovolcano,1,M,,3,,,,,,,,,,3,,,,,,,,
1847,4,9,Fogo,Cape Verde Is,Cape Verde,14.95,-24.35,2829,Stratovolcano,2,S,,1,,,,,,,,,,1,,,,,,,,
1847,12,4,Dieng Volcanic Complex,Java,Indonesia,-7.2,109.879,2565,Complex volcano,2,,,2,,,,,,,,,,2,,,,,,,,
1848,5,16,Kelud,Java,Indonesia,-7.935,112.314,1730,Stratovolcano,2,M,21,1,,,,,,,800,3,21,1,,,,,,,800,3
1850,,,Rabaul,New Britain-SW Pac,Papua New Guinea,-4.271,152.203,688,Pyroclastic shield,2,T,,3,,,,,,,,,,3,,,,,,,,
1853,6,24,Niuafo'ou,Tonga-SW Pacific,Tonga,-15.6,-175.63,260,Shield volcano,0,L,25,1,,,,,,,,,25,1,,,,,,,,
1853,7,13,Mayon,Luzon-Philippines,Philippines,13.257,123.685,2462,Stratovolcano,3,P,34,1,,,,,,,,1,34,1,,,,,,,,1
1853,10,29,Unnamed,Taiwan-E of,Taiwan,24,121.83,0,Submarine volcano,2,,,,,,,,,,,,,,,,,,,,,
1854,2,18,Sheveluch,Kamchatka,Russia,56.653,161.36,3283,Stratovolcano,5,,,,,,,,,1,,,,,,,,,,1,,
1854,2,,Asosan,Kyushu-Japan,Japan,32.884,131.104,1592,Caldera,2,,3,1,,,,,,,,,3,1,,,,,,,,
1854,6,27,Alaid,Kuril Is,Russia,50.861,155.565,2285,Stratovolcano,3,,,,,,,,,,,,,,,,,,,,,
1856,3,2,Awu,Sangihe Is-Indonesia,Indonesia,3.689,125.447,1318,Stratovolcano,3,P,2806,4,,,,2,,3,,3,2806,4,,,,2,,3,,3
1856,7,26,Shishaldin,Aleutian Is,United States,54.756,-163.97,2857,Stratovolcano,,,,,,,,,,,,,,,,,,,,,,
1856,9,25,Hokkaido-Komagatake,Hokkaido-Japan,Japan,42.063,140.677,1131,Stratovolcano,4,"P,T",25,1,,,,,,,,3,25,1,,,,,,,,3
1857,4,17,Umboi,New Guinea-NE of,Papua New Guinea,-5.592,147.892,1335,Complex volcano,,,,,,,,,,,,,,2,,,,,,2,,2
1858,1,,Mayon,Luzon-Philippines,Philippines,13.257,123.685,2462,Stratovolcano,2,P,,1,,,,,,,,,,1,,,,,,,,
1858,4,23,Midagahara,Honshu-Japan,Japan,36.571,137.59,2621,Stratovolcano,,m,,3,,,,,,,,,,3,,,,,,,,
1858,7,3,Midagahara,Honshu-Japan,Japan,36.571,137.59,2621,Stratovolcano,,m,,3,,,,,,,,,,3,,,,,,,,
1860,4,,Semeru,Java,Indonesia,-8.108,112.922,3657,Stratovolcano,2,,,,,,,,,1,,,,,,,,,,,,1
1860,8,18,Fuego,Guatemala,Guatemala,14.473,-90.88,3763,Stratovolcano,2,,,,,,,,,1,,,,,,,,,,1,,
1860,,,Grimsvotn,Iceland-NE,Iceland,64.416,-17.316,1719,Caldera,,m,1,1,,,,,,,,,1,1,,,,,,,,
1861,5,7,Dubbi,Africa-NE,Eritrea,13.579,41.809,1625,Stratovolcano,3,,106,3,,,,,,3,,3,106,3,,,,,,3,,3
1861,5,,Grimsvotn,Iceland-NE,Iceland,64.416,-17.316,1719,Caldera,2,,,,,,,,,1,,,,,,,,,,1,,
1861,12,29,Kie Besi,Halmahera-Indonesia,Indonesia,0.32,127.4,1357,Stratovolcano,4,"P,I",326,3,,,47,1,,,,3,326,3,,,47,1,,,,3
1863,8,17,Yasur,Vanuatu-SW Pacific,Vanuatu,-19.532,169.447,361,Stratovolcano,,,,3,,,,,,,,,,3,,,,,,,,
1864,1,3,Kelud,Java,Indonesia,-7.935,112.314,1730,Stratovolcano,2,M,54,2,,,,,,,,3,54,2,,,,,,,,3
1866,2,20,Santorini,Greece,Greece,36.404,25.396,367,Shield volcano,2,T,1,1,,,,1,,,,,1,1,,,,1,,,,
1866,9,12,Ofu-Olosega,Samoa-SW Pacific,United States,-14.175,-169.618,639,Shield volcano,2,,,,,,,,,,,,,,,,,,,,,
1867,10,21,Zaozan [Zaosan],Honshu-Japan,Japan,38.144,140.44,1841,Complex volcano,2,M,3,1,,,,,,,,,3,1,,,,,,,,
1868,4,3,Mauna Loa,Hawaiian Is,United States,19.475,-155.608,4170,Shield volcano,2,"W,M",,,,,,,,1,37,1,77,2,,,,,,2,,3
1868,9,5,Etna,Italy,Italy,37.748,14.999,3357,Stratovolcano,,,,,,,,,,,,,,,,,,,,,,
1869,7,7,Lewotobi,Lesser Sunda Is,Indonesia,-8.542,122.775,1703,Stratovolcano,2,,2,1,,,,,,,,,2,1,,,,,,,,
1869,8,,Lamongan,Java,Indonesia,-7.981,113.341,1641,Stratovolcano,2,"T,A",8,1,,,,,,,,,8,1,,,,,,,,
1870,8,,Ruang,Sangihe Is-Indonesia,Indonesia,2.3,125.37,725,Stratovolcano,2,,,1,,,,,,,40,1,,1,,,,,,,40,1
1870,,,Iliwerung,Lesser Sunda Is,Indonesia,-8.532,123.573,583,Complex volcano,3,,,1,,,,,,,,,,1,,,,,,,,
1870,,,Ambae,Vanuatu-SW Pacific,Vanuatu,-15.389,167.835,1496,Shield volcano,2,M,,3,,,,,,3,,3,,3,,,,,,3,,3
1871,3,3,Ruang,Sangihe Is-Indonesia,Indonesia,2.3,125.37,725,Stratovolcano,2,W,,,,,,,,1,,1,400,3,,,,,,2,75,2
1871,4,30,Camiguin,Mindanao-Philippines,Philippines,9.203,124.673,1552,Stratovolcano,2,,,1,,,,,,3,,3,,1,,,,,,3,,3
1871,8,7,Gamalama,Halmahera-Indonesia,Indonesia,0.8,127.33,1715,Stratovolcano,2,T,1,1,,,1,1,,,,,1,1,,,1,1,,,,
1871,12,8,Mayon,Luzon-Philippines,Philippines,13.257,123.685,2462,Stratovolcano,3,P,3,1,,,,,,,,,3,1,,,,,,,,
1872,4,15,Merapi,Java,Indonesia,-7.54,110.446,2910,Stratovolcano,4,T,30,1,,,,1,,,50,1,30,1,,,,1,,,50,1
1872,4,17,Merapi,Java,Indonesia,-7.54,110.446,2910,Stratovolcano,4,P,170,3,,,,,,,,2,170,3,,,,,,,,2
1872,4,24,Vesuvius,Italy,Italy,40.821,14.426,1281,Complex volcano,3,"L,G",9,1,,,11,1,,,,,9,1,,,11,1,,,,
1872,11,3,Merapi,Java,Indonesia,-7.54,110.446,2910,Stratovolcano,4,"P,T",200,3,,,,,,3,,3,200,3,,,,,,3,,3
1872,12,,Asosan,Kyushu-Japan,Japan,32.884,131.104,1592,Caldera,3,T,4,1,,,,,,,,,4,1,,,,,,,,
1872,,,Sinarka,Kuril Is,Russia,48.873,154.182,911,Stratovolcano,4,P,,3,,,,,,,,,,3,,,,,,,,
1873,1,16,Ragang,Mindanao-Philippines,Philippines,7.691,124.507,2790,Stratovolcano,2,,,1,,,,,,,,,,1,,,,,,,,
1873,,,Vesuvius,Italy,Italy,40.821,14.426,1281,Complex volcano,,"G,T",9,1,,,,,,,,,9,1,,,,,,,,
1874,7,3,Miyakejima,Izu Is-Japan,Japan,34.094,139.526,775,Stratovolcano,3,T,1,1,,,,,,,45,1,1,1,,,,,,,45,1
1874,7,19,Taal,Luzon-Philippines,Philippines,14.002,120.993,311,Stratovolcano,2,,,1,,,,,,,,,,1,,,,,,,,
1875,1,29,Kelud,Java,Indonesia,-7.935,112.314,1730,Stratovolcano,0,m,,1,,,,,,2,,2,,1,,,,,,2,,2
1875,3,29,Askja,Iceland-NE,Iceland,65.033,-16.783,1080,Stratovolcano,5,,,,,,,,,1,,,,,,,,,,1,,
1875,,,Mayon,Luzon-Philippines,Philippines,13.257,123.685,2462,Stratovolcano,,m,1500,4,,,,,,,,,1500,4,,,,,,,,
1877,2,14,Mauna Loa,Hawaiian Is,United States,19.475,-155.608,4170,Shield volcano,0,,,,,,,,,,,,,,,,,,,,,
1877,6,25,Cotopaxi,Ecuador,Ecuador,-0.677,-78.436,5911,Stratovolcano,4,M,340,3,,,,,,,,,340,3,,,,,,,,
1878,1,10,Yasur,Vanuatu-SW Pacific,Vanuatu,-19.532,169.447,361,Stratovolcano,3,,,,,,,,,,,,,,,,,,,1,,
1878,1,,Rabaul,New Britain-SW Pac,Papua New Guinea,-4.271,152.203,688,Pyroclastic shield,3,T,1,1,,,,,,,,,1,1,,,,,,,,
1878,2,11,Yasur,Vanuatu-SW Pacific,Vanuatu,-19.532,169.447,361,Stratovolcano,,,,,,,,,,,,,,,,,,,,,,
1878,8,29,Okmok,Aleutian Is,United States,53.43,-168.13,1073,Shield volcano,2,,,,,,,,,,,,,,,,,,,,,
1879,2,4,Stromboli,Italy,Italy,38.789,15.213,924,Stratovolcano,2,,,,,,,,,,,,,,,,,,,,,
1883,3,,Karthala,Indian O-W,Comoros,-11.75,43.38,2361,Shield volcano,2,L,,3,,,,,,3,,,,3,,,,,,3,,
1883,8,27,Krakatau,Indonesia,Indonesia,-6.102,105.423,155,Caldera,6,"W,P,I",2000,4,,,,3,,3,,3,36417,4,,,,3,,3,,3
1883,10,6,Augustine,Alaska-SW,United States,59.363,-153.43,1252,Lava dome,4,,8,1,,,,,,,,,8,1,,,,,,1,,1
1883,10,10,Krakatau,Indonesia,Indonesia,-6.102,105.423,155,Caldera,,,,,,,,,,,,,,,,,,,,,,
1883,12,,Bagana,Bougainville-SW Paci,Papua New Guinea,-6.137,155.196,1855,Lava cone,3,T,,2,,,,,,,,,,2,,,,,,,,
1884,2,,Krakatau,Indonesia,Indonesia,-6.102,105.423,155,Caldera,,,,,,,,,,,,,,,,,,,,,,
1885,4,18,Semeru,Java,Indonesia,-8.108,112.922,3657,Stratovolcano,2,A,74,2,,,,,,,,,74,2,,,,,,,,
1885,5,25,Purace,Colombia,Colombia,2.32,-76.4,4650,Stratovolcano,3,,,2,,,,,,2,,2,,2,,,,,,2,,2
1886,1,11,Tungurahua,Ecuador,Ecuador,-1.467,-78.442,5023,Stratovolcano,4,P,2,1,,,,,,,,,2,1,,,,,,,,
1886,6,10,Okataina,New Zealand,New Zealand,-38.12,176.5,1111,Lava dome,2,T,153,3,,,,,,,,,153,3,,,,,,,,
1886,8,31,Niuafo'ou,Tonga-SW Pacific,Tonga,-15.6,-175.63,260,Shield volcano,4,,,1,,1,,,,,,,,1,,1,,,,,,
1887,3,9,Mayon,Luzon-Philippines,Philippines,13.257,123.685,2462,Stratovolcano,3,T,15,1,,,,,,1,,1,15,1,,,,,,1,,1
1888,3,13,Ritter Island,New Guinea-NE of,Papua New Guinea,-5.519,148.115,75,Stratovolcano,2,W,,,,,,,,,,,,4,,,,,,3,,3
1888,7,15,Bandaisan,Honshu-Japan,Japan,37.601,140.072,1816,Stratovolcano,4,"A,P",461,3,,,70,2,,2,,2,461,3,,,70,2,,2,,2
1889,9,6,Banua Wuhu,Sangihe Is-Indonesia,Indonesia,3.138,125.491,-5,Submarine volcano,2,,,,,,,,,,,,,,,,,,,2,,2
1890,6,29,Kie Besi,Halmahera-Indonesia,Indonesia,0.32,127.4,1357,Stratovolcano,2,,,,,,,,,3,,3,,,,,,,,3,,3
1890,,,Victory,New Guinea,Papua New Guinea,-9.2,149.07,1925,Stratovolcano,2,P,,3,,,,,,,,,,3,,,,,,,,
1892,5,21,Sorikmarapi,Sumatra,Indonesia,0.686,99.539,2145,Stratovolcano,2,M,180,3,,,,,,,,,180,3,,,,,,,,
1892,6,7,Awu,Sangihe Is-Indonesia,Indonesia,3.689,125.447,1318,Stratovolcano,3,"P,M",1532,4,,,,,,3,,3,1532,4,,,,,,3,,3
1892,8,30,Tofua,Tonga-SW Pacific,Tonga,-19.75,-175.07,515,Caldera,2,,,,,,,,,,,,,,,,,,,,,
1893,1,7,Calbuco,Chile-S,Chile,-41.33,-72.618,1974,Stratovolcano,4,,,,,,,,,1,,,,,,,,,,1,,
1893,6,7,Azumayama,Honshu-Japan,Japan,37.735,140.244,1949,Stratovolcano,2,T,2,1,,,,,,,,,2,1,,,,,,,,
1894,10,,Ambrym,Vanuatu-SW Pacific,Vanuatu,-16.25,168.12,1334,Pyroclastic shield,3,"T,L",10,1,,,,,,,,,10,1,,,,,,,,
1895,5,22,Semeru,Java,Indonesia,-8.108,112.922,3657,Stratovolcano,2,,,1,,,,,,1,,,,1,,,,,,1,,
1895,6,17,Karkar,New Guinea-NE of,Papua New Guinea,-4.647,145.976,1839,Stratovolcano,2,"I,M",1,1,,,,,,,,,21,1,,,,,,,,
1895,10,16,Kirishimayama,Kyushu-Japan,Japan,31.934,130.862,1700,Shield volcano,2,T,4,1,,,,,,,,,4,1,,,,,,,,
1895,,,Dakataua,New Britain-SW Pac,Papua New Guinea,-5.094,150.094,408,Caldera,2,?,,1,,,,,,1,,,,1,,,,,,1,,
1896,3,15,Kirishimayama,Kyushu-Japan,Japan,31.934,130.862,1700,Shield volcano,2,T,1,1,,,1,1,,,,,1,1,,,1,1,,,,
1897,3,26,Tinakula,Santa Cruz Is-SW Pac,Solomon Is.,-10.386,165.804,796,Stratovolcano,2,W,,,,,,,,,,,,,,,,,,1,,1
1897,5,23,Mayon,Luzon-Philippines,Philippines,13.257,123.685,2462,Stratovolcano,3,"P,T,M",350,3,,,,,,,,,350,3,,,,,,,,
1899,11,13,Dona Juana,Colombia,Colombia,1.5,-76.936,4137,Stratovolcano,4,P,55,2,,,,,,,,,55,2,,,,,,,,
1899,,,Manam,New Guinea-NE of,Papua New Guinea,-4.08,145.037,1807,Stratovolcano,2,,2,1,,,,,,,,,2,1,,,,,,,,
1900,1,22,Asamayama,Honshu-Japan,Japan,36.406,138.523,2568,Complex volcano,2,,25,1,,,,,,,,,25,1,,,,,,,,
1900,2,16,Kirishimayama,Kyushu-Japan,Japan,31.934,130.862,1700,Shield volcano,2,,2,1,,,3,1,,,,,2,1,,,3,1,,,,
1900,7,17,Adatarayama,Honshu-Japan,Japan,37.647,140.281,1728,Stratovolcano,2,T,72,2,,,10,1,,,,,72,2,,,10,1,,,,
1900,,,Tullu Moye,Africa-NE,Ethiopia,8.159,39.137,2343,Pumice cone,,,,,,,,,,1,,,,,,,,,,,,
1901,5,22,Kelud,Java,Indonesia,-7.935,112.314,1730,Stratovolcano,3,,,2,,,,,,,,,,2,,,,,,,,
1901,8,9,Epi,Vanuatu-SW Pacific,Vanuatu,-16.68,168.37,833,Stratovolcano,,,,,,,,,,,,,,1,,,,,,2,,
1902,5,5,Pelee,W Indies,Martinique,14.809,-61.166,1372,Stratovolcano,4,"W,M",23,1,,,,,,,,,23,1,,,,,,,,
1902,5,7,Soufriere St. Vincent,W Indies,St. Vincent & the Grenadines,13.33,-61.18,1220,Stratovolcano,4,P,1680,4,,,,3,,1,,,1680,4,,,,3,,1,,
1902,5,8,Pelee,W Indies,Martinique,14.809,-61.166,1372,Stratovolcano,4,P,28000,4,,,,,,,,,28000,4,,,,,,,,
1902,5,20,Pelee,W Indies,Martinique,14.809,-61.166,1372,Stratovolcano,4,,,,,,,,,,,,,,,,,,,1,20,1
1902,6,6,Pelee,W Indies,Martinique,14.809,-61.166,1372,Stratovolcano,4,"W,P",,,,,,,,,,,,,,,,,,,,
1902,7,10,Pelee,W Indies,Martinique,14.809,-61.166,1372,Stratovolcano,4,"P,W",,,,,,,,,,,,,,,,,,,,
1902,8,7,Izu-Torishima,Izu Is-Japan,Japan,30.484,140.303,394,Stratovolcano,3,,125,3,,,,,,,,,125,3,,,,,,,,
1902,8,30,Pelee,W Indies,Martinique,14.809,-61.166,1372,Stratovolcano,4,P,1500,4,,,,,,,,,1500,4,,,,,,,,
1902,10,25,Santa Maria,Guatemala,Guatemala,14.757,-91.552,3745,Stratovolcano,6,"T,G",2500,4,,,,,,2,,2,10000,4,,,,,,2,,2
1902,12,,Merapi,Java,Indonesia,-7.54,110.446,2910,Stratovolcano,2,P,16,1,,,45,1,,,,2,16,1,,,45,1,,,,2
1903,8,30,Okataina,New Zealand,New Zealand,-38.12,176.5,1111,Lava dome,1,T,4,1,,,,,,,,,4,1,,,,,,,,
1903,,,Karthala,Indian O-W,Comoros,-11.75,43.38,2361,Shield volcano,,G,17,1,,,,,,,,,17,1,,,,,,,,
1904,2,25,Karthala,Indian O-W,Comoros,-11.75,43.38,2361,Shield volcano,2,L,1,1,,,,,,1,,,1,1,,,,,,1,,
1905,3,10,Vesuvius,Italy,Italy,40.821,14.426,1281,Complex volcano,2,T,1,1,,,1,1,,,,,1,1,,,1,1,,,,
1905,8,4,Savai'i,Samoa-SW Pacific,Samoa,-13.612,-172.525,1858,Shield volcano,2,,,,,,,,,3,,3,,,,,,,,3,,3
1906,4,4,Vesuvius,Italy,Italy,40.821,14.426,1281,Complex volcano,3,"T,L",350,3,,,300,3,,,,,350,3,,,300,3,,,,
1906,11,28,Savai'i,Samoa-SW Pacific,Samoa,-13.612,-172.525,1858,Shield volcano,2,W,,,,,,,,,,,,,,,,,,,,
1907,6,8,Savai'i,Samoa-SW Pacific,Samoa,-13.612,-172.525,1858,Shield volcano,2,W,,,,,,,,,,,,,,,,,,,,
1907,6,19,Savai'i,Samoa-SW Pacific,Samoa,-13.612,-172.525,1858,Shield volcano,2,W,,,,,,,,,,,,,,,,,,,,
1907,6,27,Savai'i,Samoa-SW Pacific,Samoa,-13.612,-172.525,1858,Shield volcano,2,W,,,,,,,,,,,,,,,,,,,,
1907,7,9,Savai'i,Samoa-SW Pacific,Samoa,-13.612,-172.525,1858,Shield volcano,2,W,,,,,,,,,,,,,,,,,,,,
1907,7,25,Savai'i,Samoa-SW Pacific,Samoa,-13.612,-172.525,1858,Shield volcano,2,W,,,,,,,,,,,,,,,,,,,,
1907,7,,Unnamed,Tonga-SW Pacific,Tonga,-21.338,-175.65,-68,Submarine volcano,0,,,,,,,,,,,,,,,,,,,,,
1907,8,4,Alayta,Africa-NE,Ethiopia,12.888,40.573,1496,Shield volcano,2,,,1,,,,,,,,,,1,,,,,,,,
1907,9,28,Lewotobi,Lesser Sunda Is,Indonesia,-8.542,122.775,1703,Stratovolcano,2,,1,1,,,,1,,,,,1,1,,,,1,,,,
1907,10,6,Savai'i,Samoa-SW Pacific,Samoa,-13.612,-172.525,1858,Shield volcano,,,,,,,,,,3,,3,,,,,,,,3,,3
1909,4,28,Cameroon,Africa-W,Cameroon,4.203,9.17,4095,Stratovolcano,2,,,,,,,,,,,,,,,,,,,,,
1909,9,,Semeru,Java,Indonesia,-8.108,112.922,3657,Stratovolcano,2,m,221,3,,,,,,1,,,221,3,,,,,,1,,
1910,3,20,Taupo,New Zealand,New Zealand,-38.82,176,760,Caldera,,m,1,1,,,,,,,,,1,1,,,,,,,,
1910,7,25,Toya,Hokkaido-Japan,Japan,42.544,140.839,733,Stratovolcano,2,M,1,1,,,,,,,,,1,1,,,,,,,,
1911,1,30,Taal,Luzon-Philippines,Philippines,14.002,120.993,311,Stratovolcano,3,"P,W",1335,4,,,199,3,,3,543,3,1335,4,,,199,3,,3,543,3
1911,5,8,Asamayama,Honshu-Japan,Japan,36.406,138.523,2568,Complex volcano,2,T,1,1,,,2,1,,,60,2,1,1,,,2,1,,,60,2
1911,8,15,Asamayama,Honshu-Japan,Japan,36.406,138.523,2568,Complex volcano,2,T,2,1,,,36,1,,,,,2,1,,,36,1,,,,
1911,11,3,Piparo,Trinidad,Trinidad,10,-61,140,Mud volcano,,,,,,,,,,,,,,,,,,,,,,
1911,11,8,Semeru,Java,Indonesia,-8.108,112.922,3657,Stratovolcano,3,,,,,,,,,1,,,,,,,,,,1,,
1912,9,6,Novarupta,Alaska Peninsula,United States,58.27,-155.157,841,Caldera,6,T,2,1,,,,,,,,,2,1,,,,,,,,
1912,12,3,Nyamulagira,Africa-C,"Congo, DRC",-1.408,29.2,3058,Shield volcano,3,L,20,1,,,,,,,,,20,1,,,,,,,,
1913,1,20,Colima,Mexico,Mexico,19.514,-103.62,3850,Stratovolcano,4,"P,m",13,1,,,,,,,,,13,1,,,,,,,,
1913,3,14,Awu,Sangihe Is-Indonesia,Indonesia,3.689,125.447,1318,Stratovolcano,2,,,,,,,,,,,,138,3,,,,2,,2,,3
1913,5,29,Asamayama,Honshu-Japan,Japan,36.406,138.523,2568,Complex volcano,1,T,1,1,,,1,1,,,,,1,1,,,1,1,,,,
1913,6,23,Semeru,Java,Indonesia,-8.108,112.922,3657,Stratovolcano,2,,,,,,,,,1,,,,,,,,,,1,,
1913,12,6,Ambrym,Vanuatu-SW Pacific,Vanuatu,-16.25,168.12,1334,Pyroclastic shield,3,T,21,1,,,,,,3,,,21,1,,,,,,3,,
1914,1,12,Aira,Kyushu-Japan,Japan,31.593,130.657,1117,Stratovolcano,4,"I,S,A,T",28,1,,,,3,0.04,1,2148,4,63,2,,,112,3,19,3,2268,4
1914,1,18,Witori,New Britain-SW Pac,Papua New Guinea,-5.576,150.516,724,Caldera,3,I,,1,,,,,,,,,,1,,,,,,,,
1914,9,10,Whakaari/White Island,New Zealand,New Zealand,-37.52,177.18,294,Stratovolcano,,A,11,1,,,,,,,,,11,1,,,,,,,,
1914,,,Ambae,Vanuatu-SW Pacific,Vanuatu,-15.389,167.835,1496,Shield volcano,,L,100,2,,,,,,,,,100,2,,,,,,,,
1916,3,3,Tungurahua,Ecuador,Ecuador,-1.467,-78.442,5023,Stratovolcano,4,,,,,,,,,,,,,,,,,,,,,
1916,7,3,Stromboli,Italy,Italy,38.789,15.213,924,Stratovolcano,3,,,,,,,,,,,,,,,,,,,1,,
1917,1,1,"Lengai, Ol Doinyo",Africa-E,Tanzania,-2.764,35.914,2962,Stratovolcano,3,,,,,,,,,1,,,,,,,,,,1,,
1917,4,1,Okataina,New Zealand,New Zealand,-38.12,176.5,1111,Lava dome,1,T,2,1,,,3,1,,,,,2,1,,,3,1,,,,
1917,4,,Calbuco,Chile-S,Chile,-41.33,-72.618,1974,Stratovolcano,3,,,,,,,,,,,,,,,,,,,,,
1917,6,7,San Salvador,El Salvador,El Salvador,13.734,-89.294,1893,Stratovolcano,3,"S,L",325,3,,,,,,,,,325,3,,,,,,,,
1918,7,18,Banua Wuhu,Sangihe Is-Indonesia,Indonesia,3.138,125.491,-5,Submarine volcano,3,,,,,,,,,,,,,,,,,,,,,
1918,10,12,Katla,Iceland-S,Iceland,63.633,-19.083,1490,Subglacial volcano,4,,,,,,,,,1,,,,,,,,,,1,,
1919,2,19,Popocatepetl,Mexico,Mexico,19.023,-98.622,5393,Stratovolcano,1,A,,2,,,,,,,,,,2,,,,,,,,
1919,4,3,Banua Wuhu,Sangihe Is-Indonesia,Indonesia,3.138,125.491,-5,Submarine volcano,3,,,,,,,,,1,,1,,,,,,,,1,,1
1919,5,19,Kelud,Java,Indonesia,-7.935,112.314,1730,Stratovolcano,4,M,5110,4,,,,,,,9000,4,5110,4,,,,,,,9000,4
1919,5,22,Stromboli,Italy,Italy,38.789,15.213,924,Stratovolcano,3,T,4,1,,,,3,,1,10,1,4,1,,,,3,,1,10,1
1919,7,6,Nasudake,Honshu-Japan,Japan,37.125,139.963,1915,Stratovolcano,,G,2,1,,,,,,,,,2,1,,,,,,,,
1919,9,29,Mauna Loa,Hawaiian Is,United States,19.475,-155.608,4170,Shield volcano,0,,,,,,,,,,,,,,,,,,,,,
1920,7,25,Merapi,Java,Indonesia,-7.54,110.446,2910,Stratovolcano,3,P,33,1,,,,,,,,,33,1,,,,,,,,
1920,10,29,Izalco,El Salvador,El Salvador,13.813,-89.633,1950,Stratovolcano,3,P,,1,,,,,,,,,,1,,,,,,,,
1921,11,26,Nasudake,Honshu-Japan,Japan,37.125,139.963,1915,Stratovolcano,,G,1,1,,,,,,,,,1,1,,,,,,,,
1923,3,2,"Cendres, Ile des",SE Asia,Vietnam,10.158,109.014,-20,Submarine volcanoes,2,L,,,,,,,,,,,,,,,,,,1,,
1923,3,11,Papandayan,Java,Indonesia,-7.32,107.73,2665,Stratovolcano,1,G,1,1,,,,,,,,,1,1,,,,,,,,
1923,6,,Tangkuban Parahu,Java,Indonesia,-6.77,107.6,2084,Stratovolcano,,G,3,1,,,,,,,,,3,1,,,,,,,,
1923,7,1,Kirishimayama,Kyushu-Japan,Japan,31.934,130.862,1700,Shield volcano,2,,1,1,,,,,,,,,1,1,,,,,,,,
1924,5,10,Kilauea,Hawaiian Is,United States,19.421,-155.287,1222,Shield volcano,2,T,1,1,,,,,,,,,1,1,,,,,,,,
1926,5,24,Tokachidake,Hokkaido-Japan,Japan,43.418,142.686,2077,Stratovolcano,3,"M,T",144,3,,,207,3,,,5080,4,144,3,,,207,3,,,5080,4
1926,9,8,Tokachidake,Hokkaido-Japan,Japan,43.418,142.686,2077,Stratovolcano,3,,,,2,1,,,,,,,,,2,1,,,,,,
1927,9,5,Esjufjoll,Iceland-SE,Iceland,64.25,-16.583,1620,Stratovolcano,1,M,1,1,,,,,,,,,1,1,,,,,,,,
1928,1,23,Santorini,Greece,Greece,36.404,25.396,367,Shield volcano,2,S,48,1,,,,,,,,,48,1,,,,,,,,
1928,1,,Mayon,Luzon-Philippines,Philippines,13.257,123.685,2462,Stratovolcano,3,P,,1,,,,,,,,,,1,,,,,,,,
1928,3,26,Krakatau,Indonesia,Indonesia,-6.102,105.423,155,Caldera,2,,,,,,,,,,,,,,,,,,,,,
1928,5,13,Dieng Volcanic Complex,Java,Indonesia,-7.2,109.879,2565,Complex volcano,2,T,40,1,,,,,,,,,40,1,,,,,,,,
1928,8,4,Paluweh,Lesser Sunda Is,Indonesia,-8.32,121.708,875,Stratovolcano,3,"W,T",98,2,,,,,,1,,,226,3,,,200,3,,2,,2
1928,11,2,Etna,Italy,Italy,37.748,14.999,3357,Stratovolcano,1,L,5,1,,,,,,,,,5,1,,,,,,,,
1929,1,6,Calbuco,Chile-S,Chile,-41.33,-72.618,1974,Stratovolcano,3,,,,,,,,,,,,,,,,,,,,,
1929,6,17,Hokkaido-Komagatake,Hokkaido-Japan,Japan,42.063,140.677,1131,Stratovolcano,4,T,2,1,,,4,1,,,1915,4,2,1,,,4,1,,,1915,4
1929,8,2,Etna,Italy,Italy,37.748,14.999,3357,Stratovolcano,2,T,2,1,,,,,,,,,2,1,,,,,,,,
1929,11,2,Santa Maria,Guatemala,Guatemala,14.757,-91.552,3745,Stratovolcano,3,"P,M",200,3,,,,,,,,,200,3,,,,,,,,
1930,3,17,Krakatau,Indonesia,Indonesia,-6.102,105.423,155,Caldera,2,,,,,,,,,,,,,,,,,,,,,
1930,8,20,Asamayama,Honshu-Japan,Japan,36.406,138.523,2568,Complex volcano,3,T,6,1,,,,,,,,,6,1,,,,,,,,
1930,9,11,Stromboli,Italy,Italy,38.789,15.213,924,Stratovolcano,3,"P,W,T",5,1,,,20,1,,2,,,6,1,,,20,1,,2,,
1930,12,18,Merapi,Java,Indonesia,-7.54,110.446,2910,Stratovolcano,3,"P,M",1369,4,,,,,,3,1109,4,1369,4,,,,,,3,1109,4
1931,8,20,Asamayama,Honshu-Japan,Japan,36.406,138.523,2568,Complex volcano,3,,3,1,,,,,,,,,3,1,,,,,,,,
1932,1,21,Fuego,Guatemala,Guatemala,14.473,-90.88,3763,Stratovolcano,4,,,1,,,,,,,,,,1,,,,,,,,
1932,2,,Merapi,Java,Indonesia,-7.54,110.446,2910,Stratovolcano,,m,,1,,,,,,,,,,1,,,,,,,,
1932,10,1,Kusatsu-Shiranesan,Honshu-Japan,Japan,36.618,138.528,2165,Stratovolcano,3,M,2,1,,,7,1,,,,,2,1,,,7,1,,,,
1933,1,8,Kharimkotan,Kuril Is,Russia,49.12,154.508,1145,Stratovolcano,5,W,,,,,,,,,,,2,1,,,,,,,,
1933,5,10,Hakoneyama,Honshu-Japan,Japan,35.233,139.021,1438,Complex volcano,,G,1,1,,,,,,,,,1,1,,,,,,,,
1933,12,24,Kuchinoerabujima,Ryukyu Is,Japan,30.443,130.217,657,Stratovolcano,4,T,8,1,,,26,1,,,,,8,1,,,26,1,,,,
1933,12,25,Bulusan,Luzon-Philippines,Philippines,12.769,124.056,1535,Stratovolcano,2,,,,,,,,,,,,9,1,,,,,,3,,
1934,,,Hood,US-Oregon,United States,45.374,-121.695,3426,Stratovolcano,,G,1,1,,,,,,,,,1,1,,,,,,,,
1936,7,29,Asamayama,Honshu-Japan,Japan,36.406,138.523,2568,Complex volcano,3,"P,T",2,1,,,,,,,,,2,1,,,,,,,,
1936,8,14,Dona Juana,Colombia,Colombia,1.5,-76.936,4137,Stratovolcano,,"A,F",18,1,,,,,,,,,18,1,,,,,,,,
1937,2,9,Llaima,Chile-C,Chile,-38.692,-71.729,3125,Stratovolcano,2,F,3,1,,,,,,1,,,3,1,,,,,,1,,
1937,5,29,Rabaul,New Britain-SW Pac,Papua New Guinea,-4.271,152.203,688,Pyroclastic shield,4,"P,T,W,I",507,3,,,,,,1,,1,507,3,,,,,,1,,1
1938,1,28,Nyamulagira,Africa-C,"Congo, DRC",-1.408,29.2,3058,Shield volcano,1,,,,,,,,,1,,,,,,,,,,1,,
1938,5,9,Bandaisan,Honshu-Japan,Japan,37.601,140.072,1816,Stratovolcano,,m,2,1,,,,,,,,,2,1,,,,,,,,
1938,6,5,Mayon,Luzon-Philippines,Philippines,13.257,123.685,2462,Stratovolcano,2,,,1,,,,,,,,,,1,,,,,,,,
1938,7,16,Asamayama,Honshu-Japan,Japan,36.406,138.523,2568,Complex volcano,1,T,,1,,,,,,,,,,1,,,,,,,,
1939,7,24,Kick 'em Jenny,W Indies,Netherlands,12.3,-61.64,-185,Submarine volcano,1,T,,,,,,,,,,,,,,,,,,,,
1939,8,17,Izu-Torishima,Izu Is-Japan,Japan,30.484,140.303,394,Stratovolcano,2,,2,1,,,,,,,,,2,1,,,,,,,,
1939,10,13,Dieng Volcanic Complex,Java,Indonesia,-7.2,109.879,2565,Complex volcano,1,T,10,1,,,,,,1,,,10,1,,,,,,1,,
1940,6,20,Karangetang,Sangihe Is-Indonesia,Indonesia,2.781,125.407,1797,Stratovolcano,2,,1,1,,,2,1,,,,,1,1,,,2,1,,,,
1940,7,12,Miyakejima,Izu Is-Japan,Japan,34.094,139.526,775,Stratovolcano,2,L,11,1,,,20,1,,,24,1,11,1,,,20,1,,,24,1
1940,7,24,"Lengai, Ol Doinyo",Africa-E,Tanzania,-2.764,35.914,2962,Stratovolcano,2,,,,,,,,,1,,,,,,,,,,1,,
1941,7,13,Asamayama,Honshu-Japan,Japan,36.406,138.523,2568,Complex volcano,2,T,1,1,,,1,1,,,,,1,1,,,1,1,,,,
1941,9,21,Semeru,Java,Indonesia,-8.108,112.922,3657,Stratovolcano,2,,,,,,,,,1,,,,,,,,,,1,,
1943,2,20,Michoacan-Guanajuato,Mexico,Mexico,19.85,-101.75,3860,Cinder cone,4,"E,I",3,1,,,,,,,,,103,1,,,,,,,,
1943,4,13,"Azul, Cerro",Galapagos,Ecuador,-0.92,-91.408,1640,Shield volcano,3,T,1,1,,,,,,,,,1,1,,,,,,,,
1944,3,27,Vesuvius,Italy,Italy,40.821,14.426,1281,Complex volcano,2,"T,L,I",27,1,,,,,,,,,27,1,,,,,,,,
1944,6,10,Cleveland,Aleutian Is,United States,52.825,-169.944,1730,Stratovolcano,3,T,1,1,,,,,,,,,1,1,,,,,,,,
1944,7,11,Toya,Hokkaido-Japan,Japan,42.544,140.839,733,Stratovolcano,,P,1,1,,,,,,,,,1,1,,,,,,,,
1944,8,20,Stromboli,Italy,Italy,38.789,15.213,924,Stratovolcano,2,W,,,,,,,,,,,,,,,,,,1,1,1
1944,8,26,Toya,Hokkaido-Japan,Japan,42.544,140.839,733,Stratovolcano,2,G,1,1,,,,,,,1,1,1,1,,,,,,,1,1
1944,12,4,Dieng Volcanic Complex,Java,Indonesia,-7.2,109.879,2565,Complex volcano,2,T,117,3,,,250,3,,,,,117,3,,,250,3,,,,
1944,12,28,Toya,Hokkaido-Japan,Japan,42.544,140.839,733,Stratovolcano,2,T,1,1,,,,,,,,,1,1,,,,,,,,
1946,1,,Aira,Kyushu-Japan,Japan,31.593,130.657,1117,Stratovolcano,2,,1,1,,,,,,,,,1,1,,,,,,,,
1946,2,,Semeru,Java,Indonesia,-8.108,112.922,3657,Stratovolcano,2,F,6,1,,,,,,2,81,2,6,1,,,,,,2,81,2
1946,10,29,Semeru,Java,Indonesia,-8.108,112.922,3657,Stratovolcano,2,,,,,,,,,1,,,,,,,,,,1,,
1946,11,13,Sarychev Peak,Kuril Is,Russia,48.092,153.2,1496,Stratovolcano,4,,,,,,,,,,,,,,,,,,,,,
1947,1,7,Mayon,Luzon-Philippines,Philippines,13.257,123.685,2462,Stratovolcano,2,,,1,,,,,,,,,,1,,,,,,,,
1947,8,14,Asamayama,Honshu-Japan,Japan,36.406,138.523,2568,Complex volcano,2,,11,1,,,,,,,,,11,1,,,,,,,,
1947,9,16,Akagisan,Honshu-Japan,Japan,36.56,139.193,1828,Stratovolcano,,m,699,3,,,,,,,,,699,3,,,,,,,,
1947,11,2,Hekla,Iceland-S,Iceland,63.983,-19.666,1490,Stratovolcano,4,L,1,1,,,,,,,,,1,1,,,,,,,,
1948,4,7,Iliwerung,Lesser Sunda Is,Indonesia,-8.532,123.573,583,Complex volcano,2,,,,,,,,,2,,,,,,,,,,2,,
1949,1,1,Villarrica,Chile-C,Chile,-39.42,-71.93,2847,Stratovolcano,3,M,54,2,,,,,,2,,,54,2,,,,,,2,,
1949,5,26,Purace,Colombia,Colombia,2.32,-76.4,4650,Stratovolcano,2,T,17,1,,,,,,,,,17,1,,,,,,,,
1949,6,,Camiguin,Mindanao-Philippines,Philippines,9.203,124.673,1552,Stratovolcano,3,P,2,1,,,,,,,,,2,1,,,,,,,,
1950,8,28,Semeru,Java,Indonesia,-8.108,112.922,3657,Stratovolcano,1,P,6,1,,,,,,,,,6,1,,,,,,,,
1950,9,15,Camiguin,Mindanao-Philippines,Philippines,9.203,124.673,1552,Stratovolcano,3,P,68,2,,,,,,,,,68,2,,,,,,,,
1950,9,23,Asamayama,Honshu-Japan,Japan,36.406,138.523,2568,Complex volcano,2,T,1,1,,,1,1,,,,1,1,1,,,1,1,,,,1
1951,1,21,Lamington,New Guinea,Papua New Guinea,-8.95,148.15,1680,Stratovolcano,4,P,2942,4,,,,2,,,,,2942,4,,,,2,,,,
1951,8,3,Cosiguina,Nicaragua,Nicaragua,12.98,-87.57,872,Stratovolcano,,,,,,,,,,,,,,,,,,,,3,,2
1951,8,31,Kelud,Java,Indonesia,-7.935,112.314,1730,Stratovolcano,3,,7,1,,,,,,,,,7,1,,,,,,,,
1951,11,5,Hakoneyama,Honshu-Japan,Japan,35.233,139.021,1438,Complex volcano,,G,2,1,,,,,,,,,2,1,,,,,,,,
1951,12,4,Camiguin,Mindanao-Philippines,Philippines,9.203,124.673,1552,Stratovolcano,3,P,500,3,1500,4,,,,,,,500,3,1500,4,,,,,,
1951,,,Kavachi,Solomon Is-SW Pacifi,Solomon Is.,-8.991,157.979,-20,Submarine volcano,2,,,,,,,,,,,,,,,,,,,,,
1952,3,27,Hakoneyama,Honshu-Japan,Japan,35.233,139.021,1438,Complex volcano,,G,1,1,,,,,,,,,1,1,,,,,,,,
1952,9,16,Kita-Bayonnaise,Izu Is-Japan,Japan,32.1,139.85,-360,Submarine volcano,2,,,,,,,,,,,,,,,,,,,,,
1952,9,23,Kita-Bayonnaise,Izu Is-Japan,Japan,32.1,139.85,-360,Submarine volcano,2,,,,,,,,,,,,,,,,,,,,,
1952,9,24,Kita-Bayonnaise,Izu Is-Japan,Japan,32.1,139.85,-360,Submarine volcano,2,P,31,1,,,,,,1,,,31,1,,,,,,1,,
1952,9,26,Kita-Bayonnaise,Izu Is-Japan,Japan,32.1,139.85,-360,Submarine volcano,2,,,,,,,,,,,,,,,,,,,,,
1952,,,Ambalatungan Group,Luzon-Philippines,Philippines,17.32,121.1,2329,Compound volcano,1,,12,1,,,,,,,,,12,1,,,,,,,,
1953,3,11,Kita-Bayonnaise,Izu Is-Japan,Japan,32.1,139.85,-360,Submarine volcano,2,,,,,,,,,,,,,,,,,,,,,
1953,3,23,Merapi,Java,Indonesia,-7.54,110.446,2910,Stratovolcano,3,P,64,2,,,57,2,,2,144,3,64,2,,,57,2,,2,144,3
1953,3,25,Kita-Bayonnaise,Izu Is-Japan,Japan,32.1,139.85,-360,Submarine volcano,2,,,,,,,,,,,,,,,,,,,,,
1953,4,27,Asosan,Kyushu-Japan,Japan,32.884,131.104,1592,Caldera,2,T,6,1,,,,,,,,,6,1,,,,,,,,
1953,6,27,St. Andrew Strait,Admiralty Is-SW Paci,Papua New Guinea,-2.38,147.35,270,Complex volcano,0,,,,,,,,,,,,,,,,,,,1,,
1953,6,,Sirung,Lesser Sunda Is,Indonesia,-8.508,124.13,862,Complex volcano,0,,5,1,,,1,1,,,,,5,1,,,1,1,,,,
1953,7,26,Hakoneyama,Honshu-Japan,Japan,35.233,139.021,1438,Complex volcano,,A,10,1,,,,,,,,,10,1,,,,,,,,
1953,10,5,Izu-Oshima,Izu Is-Japan,Japan,34.724,139.394,746,Stratovolcano,1,,1,1,,,,,,,,,1,1,,,,,,,,
1953,12,24,Ruapehu,New Zealand,New Zealand,-39.28,175.57,2797,Stratovolcano,,m,151,3,,,,,,,,,151,3,,,,,,,,
1954,2,,Stromboli,Italy,Italy,38.789,15.213,924,Stratovolcano,,,,,,,,,,,,,,,,,,,,,,
1954,7,21,Midagahara,Honshu-Japan,Japan,36.571,137.59,2621,Stratovolcano,,G,1,1,,,,,,,,,1,1,,,,,,,,
1954,8,3,Bam,New Guinea-NE of,Papua New Guinea,-3.613,144.818,685,Stratovolcano,2,I,,,,,,2,,,,,25,1,,,,2,,,,
1954,,,Camiguin,Mindanao-Philippines,Philippines,9.203,124.673,1552,Stratovolcano,,m,2,1,,,,,,,,,2,1,,,,,,,,
1955,7,26,Carran-Los Venados,Chile-C,Chile,-40.35,-72.07,1114,Pyroclastic cone,4,G,2,1,,,,,,,,,2,1,,,,,,,,
1955,10,13,Aira,Kyushu-Japan,Japan,31.593,130.657,1117,Stratovolcano,3,,,1,,,,,,,,,,1,,,,,,,,
1956,3,30,Bezymianny,Kamchatka,Russia,55.972,160.595,2882,Stratovolcano,5,,,,,,,,,,,,,,,,,,,,,
1957,3,11,Vsevidof,Aleutian Is,United States,53.13,-168.693,2149,Stratovolcano,2,,,,,,,,,,,,,,,,,,,,,
1957,7,,Unzendake,Kyushu-Japan,Japan,32.761,130.299,1483,Complex volcano,,m,13,1,,,,,,,,,13,1,,,,,,,,
1957,10,13,Izu-Oshima,Izu Is-Japan,Japan,34.724,139.394,746,Stratovolcano,2,T,1,1,,,53,2,,,,,1,1,,,53,2,,,,
1957,10,,Asosan,Kyushu-Japan,Japan,32.884,131.104,1592,Caldera,2,T,12,1,,,,,,,,,12,1,,,,,,,,
1958,7,12,Mahawu,Sulawesi-Indonesia,Indonesia,1.352,124.865,1299,Stratovolcano,2,M,1,1,,,10,1,,,,,1,1,,,10,1,,,,
1958,7,21,Taisetsuzan,Hokkaido-Japan,Japan,43.664,142.854,2291,Stratovolcano,,G,2,1,,,,,,,,,2,1,,,,,,,,
1958,10,7,Kuwae,Vanuatu-SW Pacific,Vanuatu,-16.829,168.536,-2,Caldera,2,,,,,,,,,,,,,,,,,,,,,
1960,5,25,Puyehue-Cordon Caulle,Chile-C,Chile,-40.59,-72.117,2236,Stratovolcano,3,,,,,,,,,,,,,,,,,,,,,
1961,1,25,Calbuco,Chile-S,Chile,-41.33,-72.618,1974,Stratovolcano,3,,,,,,,,,1,,,,,,,,,,,,
1961,4,23,Midagahara,Honshu-Japan,Japan,36.571,137.59,2621,Stratovolcano,,G,1,1,,,,,,,,,1,1,,,,,,,,
1961,5,8,Merapi,Java,Indonesia,-7.54,110.446,2910,Stratovolcano,3,P,6,1,,,6,1,,2,,3,6,1,,,6,1,,2,,3
1961,6,18,Taisetsuzan,Hokkaido-Japan,Japan,43.664,142.854,2291,Stratovolcano,,G,2,1,,,,,,,,,2,1,,,,,,,,
1961,8,18,Asamayama,Honshu-Japan,Japan,36.406,138.523,2568,Complex volcano,2,T,1,1,,,,,,,,,1,1,,,,,,,,
1962,6,29,Tokachidake,Hokkaido-Japan,Japan,43.418,142.686,2077,Stratovolcano,3,T,5,1,,,11,1,,,,,5,1,,,11,1,,,,
1962,10,,Merapi,Java,Indonesia,-7.54,110.446,2910,Stratovolcano,,m,2,1,,,,,,,,,2,1,,,,,,,,
1962,12,31,Gamalama,Halmahera-Indonesia,Indonesia,0.8,127.33,1715,Stratovolcano,2,,5,1,,,5,1,,,,,5,1,,,5,1,,,,
1963,3,17,Irazu,Costa Rica,Costa Rica,9.979,-83.852,3436,Stratovolcano,3,T,15,1,,,,,,,,,15,1,,,,,,,,
1963,3,18,Agung,Lesser Sunda Is,Indonesia,-8.343,115.508,2997,Stratovolcano,5,"P,T,M,A",1028,4,,3,624,3,,,,,1028,4,,3,624,3,,,,
1963,5,5,Semeru,Java,Indonesia,-8.108,112.922,3657,Stratovolcano,2,T,1,1,,,,,,,,,1,1,,,,,,,,
1963,5,16,Agung,Lesser Sunda Is,Indonesia,-8.343,115.508,2997,Stratovolcano,3,,120,2,,,,,,,,,120,2,,,,,,,,
1963,5,21,Villarrica,Chile-C,Chile,-39.42,-71.93,2847,Stratovolcano,2,M,,1,,,,,,,,,,1,,,,,,,,
1963,9,5,Batur,Lesser Sunda Is,Indonesia,-8.242,115.375,1717,Caldera,2,,2,1,,,,,,,,1,2,1,,,,,,,,1
1963,9,28,Fuego,Guatemala,Guatemala,14.473,-90.88,3763,Stratovolcano,3,M,7,1,,,,,,,,,7,1,,,,,,,,
1963,12,10,Irazu,Costa Rica,Costa Rica,9.979,-83.852,3436,Stratovolcano,3,"M,T",40,1,,,,1,,2,400,3,40,1,,,,1,,2,400,3
1964,1,1,Paluweh,Lesser Sunda Is,Indonesia,-8.32,121.708,875,Stratovolcano,2,,1,1,,,3,1,,,,,1,1,,,3,1,,,,
1964,3,3,Villarrica,Chile-C,Chile,-39.42,-71.93,2847,Stratovolcano,2,M,25,1,,,,,,,,,25,1,,,,,,,,
1964,12,13,Dieng Volcanic Complex,Java,Indonesia,-7.2,109.879,2565,Complex volcano,1,,114,3,,,,,,,,,114,3,,,,,,,,
1965,9,28,Taal,Luzon-Philippines,Philippines,14.002,120.993,311,Stratovolcano,4,"P,W",355,3,,,,,,1,,1,355,3,,,,,,1,,1
1965,10,24,Kick 'em Jenny,W Indies,Netherlands,12.3,-61.64,-185,Submarine volcano,0,,,,,,,,,,,,,,,,,,,,,
1966,1,13,Tinakula,Santa Cruz Is-SW Pac,Solomon Is.,-10.386,165.804,796,Stratovolcano,3,,,,,,,,,,,,,,,,,,,,,
1966,4,26,Kelud,Java,Indonesia,-7.935,112.314,1730,Stratovolcano,4,"M,m,P",215,3,78,2,86,2,,,,,215,3,78,2,86,2,,,,
1966,8,12,Awu,Sangihe Is-Indonesia,Indonesia,3.689,125.447,1318,Stratovolcano,4,"P,M,I",39,1,,,1000,3,,,,2,39,1,,,1000,3,,,,2
1966,8,14,"Lengai, Ol Doinyo",Africa-E,Tanzania,-2.764,35.914,2962,Stratovolcano,4,,,,,,,,,1,,,,,,,,,,1,,
1966,11,6,Rincon de la Vieja,Costa Rica,Costa Rica,10.83,-85.324,1916,Complex volcano,3,"P,T,G",,,,,,,,1,,,,,,,,,,1,,
1967,7,8,"Lengai, Ol Doinyo",Africa-E,Tanzania,-2.764,35.914,2962,Stratovolcano,3,,,,,,,,,1,,,,,,,,,,1,,
1967,8,31,Semeru,Java,Indonesia,-8.108,112.922,3657,Stratovolcano,3,M,3,1,,,,,,1,,,3,1,,,,,,1,,
1967,11,4,Midagahara,Honshu-Japan,Japan,36.571,137.59,2621,Stratovolcano,,G,2,1,,,,,,,,,2,1,,,,,,,,
1967,12,4,Deception Island,Antarctica,Antarctica,-63.001,-60.652,602,Caldera,3,,,,,,,,,,,,,,,,,,,,,
1968,4,21,Mayon,Luzon-Philippines,Philippines,13.257,123.685,2462,Stratovolcano,3,"M,P",6,1,,,,,,,,,6,1,,,,,,,,
1968,7,29,Arenal,Costa Rica,Costa Rica,10.463,-84.703,1670,Stratovolcano,3,"P,T",80,2,,,,,,1,,,80,2,,,,,,1,,
1969,1,7,Merapi,Java,Indonesia,-7.54,110.446,2910,Stratovolcano,2,P,3,1,,,,,,,,,3,1,,,,,,,,
1969,1,28,Iya,Lesser Sunda Is,Indonesia,-8.891,121.641,618,Stratovolcano,3,"T,m",2,1,,,10,1,,,287,3,2,1,,,10,1,,,287,3
1969,3,21,Didicas,Luzon-N of,Philippines,19.077,122.202,228,Compound volcano,2,W,,,,,,,,,,,3,1,,,,,,,,
1969,8,26,Naruko,Honshu-Japan,Japan,38.729,140.734,470,Caldera,,G,1,1,,,,,,,,,1,1,,,,,,,,
1970,3,2,Campi Flegrei,Italy,Italy,40.827,14.139,458,Caldera,,S,3,1,,,,,,1,,1,3,1,,,,,,1,,1
1970,5,5,Hekla,Iceland-S,Iceland,63.983,-19.666,1490,Stratovolcano,3,,,,,,,,,1,,,,,,,,,,1,,
1971,8,12,"Hudson, Cerro",Chile-S,Chile,-45.9,-72.97,1905,Stratovolcano,3,M,5,1,,,,,,,,,3,1,,,,,,,,
1971,9,6,Tinakula,Santa Cruz Is-SW Pac,Solomon Is.,-10.386,165.804,796,Stratovolcano,2,,,,,,,,,,,,,,,,,,,,,
1971,9,14,Fuego,Guatemala,Guatemala,14.473,-90.88,3763,Stratovolcano,3,"M,T",10,1,,,,,,,,,10,1,,,,,,,,
1971,10,28,La Palma,Canary Is,Spain,28.57,-17.83,2426,Stratovolcano,2,,,1,,,,,,1,,,,1,,,,,,1,,
1971,10,29,Villarrica,Chile-C,Chile,-39.42,-71.93,2847,Stratovolcano,2,M,15,1,,,,,,,,,15,1,,,,,,,,
1971,12,27,Kusatsu-Shiranesan,Honshu-Japan,Japan,36.618,138.528,2165,Stratovolcano,,G,6,1,,,,,,,,,6,1,,,,,,,,
1972,6,9,"Fournaise, Piton de la",Indian O-W,Reunion,-21.244,55.708,2632,Shield volcano,2,I,3,1,,,,,,,,,3,1,,,,,,,,
1972,10,2,Hakoneyama,Honshu-Japan,Japan,35.233,139.021,1438,Complex volcano,,,2,1,,,,,,,,,2,1,,,,,,,,
1972,10,9,Ritter Island,New Guinea-NE of,Papua New Guinea,-5.519,148.115,75,Stratovolcano,1,,,,,,,,,,,,,,,,,,,,,
1973,1,27,Vestmannaeyjar,Iceland-S,Iceland,63.416,-20.266,283,Submarine volcano,3,G,1,1,,,,,,,,,1,1,,,,,,,,
1973,1,,Paluweh,Lesser Sunda Is,Indonesia,-8.32,121.708,875,Stratovolcano,3,,,,,,,,,1,,1,,,,,,,,1,,1
1973,4,5,"Hudson, Cerro",Chile-S,Chile,-45.9,-72.97,1905,Stratovolcano,,M,2,1,,,,,,1,,1,2,1,,,,,,1,,1
1973,12,,Iliwerung,Lesser Sunda Is,Indonesia,-8.532,123.573,583,Complex volcano,2,W,,,,,,,,,,,2,1,,,,,,,,
1974,2,11,Karangetang,Sangihe Is-Indonesia,Indonesia,2.781,125.407,1797,Stratovolcano,3,A,4,1,,,,,,,,,4,1,,,,,,,,
1974,6,17,Aira,Kyushu-Japan,Japan,31.593,130.657,1117,Stratovolcano,3,M,3,1,,,,,,,,,3,1,,,,,,,,
1974,7,28,Niigata-Yakeyama,Honshu-Japan,Japan,36.921,138.036,2400,Lava dome,2,T,3,1,,,,,,,,,3,1,,,,,,,,
1974,8,9,Aira,Kyushu-Japan,Japan,31.593,130.657,1117,Stratovolcano,3,M,5,1,,,,,,,,,5,1,,,,,,,,
1974,10,10,Fuego,Guatemala,Guatemala,14.473,-90.88,3763,Stratovolcano,4,"T,M",,1,,,,,,2,,3,,1,,,,,,2,,3
1974,10,17,Ritter Island,New Guinea-NE of,Papua New Guinea,-5.519,148.115,75,Stratovolcano,1,,,,,,,,,,,,,,,,,,,,,
1974,10,22,Merapi,Java,Indonesia,-7.54,110.446,2910,Stratovolcano,2,M,9,1,,,,,,,6,1,9,1,,,,,,,6,1
1975,1,,Marapi,Sumatra,Indonesia,-0.38,100.474,2885,Complex volcano,2,M,80,2,,,,,,3,,3,80,2,,,,,,3,,3
1975,6,17,Arenal,Costa Rica,Costa Rica,10.463,-84.703,1670,Stratovolcano,3,,2,1,,,,1,,,,,2,1,,,,1,,,,
1975,11,29,Kilauea,Hawaiian Is,United States,19.421,-155.287,1222,Shield volcano,0,W,,,,,,,,,,,2,1,,,,1,4,2,,
1976,8,3,Kusatsu-Shiranesan,Honshu-Japan,Japan,36.618,138.528,2165,Stratovolcano,,G,3,1,,,,,,,,,3,1,,,,,,,,
1976,8,12,Sangay,Ecuador,Ecuador,-2.005,-78.341,5286,Stratovolcano,3,T,2,1,,,4,1,,,,,2,1,,,4,1,,,,
1976,8,31,Semeru,Java,Indonesia,-8.108,112.922,3657,Stratovolcano,2,M,119,3,,,,,,,,,119,3,,,,,,,,
1976,9,15,Karangetang,Sangihe Is-Indonesia,Indonesia,2.781,125.407,1797,Stratovolcano,2,P,1,1,,,1,1,,,24,1,1,1,,,1,1,,,24,1
1976,11,25,Merapi,Java,Indonesia,-7.54,110.446,2910,Stratovolcano,2,M,29,1,,,,,,,,,29,1,,,,,,,,
1977,1,10,Nyiragongo,Africa-C,"Congo, DRC",-1.52,29.25,3470,Stratovolcano,1,L,,2,,,,,,3,,,,2,,,,,,3,,
1977,4,5,Karthala,Indian O-W,Comoros,-11.75,43.38,2361,Shield volcano,0,,,1,,,,,,1,,,,1,,,,,,1,,
1977,4,27,Krafla,Iceland-NE,Iceland,65.715,-16.728,800,Caldera,1,,,,,,,,,1,,,,,,,,,,1,,
1977,8,2,Klyuchevskoy,Kamchatka,Russia,56.056,160.642,4754,Stratovolcano,3,T,1,1,,,,,,,,,1,1,,,,,,,,
1977,8,7,Toya,Hokkaido-Japan,Japan,42.544,140.839,733,Stratovolcano,3,I,3,1,,,,,,,,,3,1,,,,,,,,
1978,7,29,Bulusan,Luzon-Philippines,Philippines,12.769,124.056,1535,Stratovolcano,2,,,,,,,,,1,,,,,,,,,,1,,
1978,9,2,Santa Maria,Guatemala,Guatemala,14.757,-91.552,3745,Stratovolcano,3,M,1,1,,,,,,,,,1,1,,,,,,,,
1978,9,19,Semeru,Java,Indonesia,-8.108,112.922,3657,Stratovolcano,3,M,12,1,,,,,,,,,12,1,,,,,,,,
1978,10,24,Toya,Hokkaido-Japan,Japan,42.544,140.839,733,Stratovolcano,3,m,3,1,,,2,1,,,,,3,1,,,2,1,,,,
1978,,,Tangkuban Parahu,Java,Indonesia,-6.77,107.6,2084,Stratovolcano,,I,3,1,,,,,,,,,3,1,,,,,,,,
1979,2,20,Dieng Volcanic Complex,Java,Indonesia,-7.2,109.879,2565,Complex volcano,1,G,149,3,,,,,,,,,149,3,,,,,,,,
1979,3,8,Karkar,New Guinea-NE of,Papua New Guinea,-4.647,145.976,1839,Stratovolcano,2,P,2,1,,,,,,,,,2,1,,,,,,,,
1979,4,13,Soufriere St. Vincent,W Indies,St. Vincent & the Grenadines,13.33,-61.18,1220,Stratovolcano,3,"T,P",2,1,,,,,,,,,2,1,,,,,,,,
1979,7,5,Etna,Italy,Italy,37.748,14.999,3357,Stratovolcano,2,T,9,1,,,23,1,,,,,9,1,,,23,1,,,,
1979,7,18,Iliwerung,Lesser Sunda Is,Indonesia,-8.532,123.573,583,Complex volcano,,W,,,,,,,,,,,1239,4,,,32,1,,3,,3
1979,9,6,Asosan,Kyushu-Japan,Japan,32.884,131.104,1592,Caldera,2,T,3,1,,,11,1,,,,,3,1,,,11,1,,,,
1980,5,18,St. Helens,US-Washington,United States,46.2,-122.18,2549,Stratovolcano,5,"P,M,T",57,2,,,,,2000,4,,,61,2,,,,,2000,4,,
1980,8,17,Hekla,Iceland-S,Iceland,63.983,-19.666,1490,Stratovolcano,3,,,,,,,,,1,,,,,,,,,,1,,
1980,12,25,Hood,US-Oregon,United States,45.374,-121.695,3426,Stratovolcano,,m,1,1,,,,,,,,,1,1,,,,,,,,
1981,3,17,Etna,Italy,Italy,37.748,14.999,3357,Stratovolcano,2,,,,,,,,10,3,,,,,,,,,,,,
1981,3,29,Semeru,Java,Indonesia,-8.108,112.922,3657,Stratovolcano,3,P,1,1,,,,,,,,,1,1,,,,,,,,
1981,4,27,Alaid,Kuril Is,Russia,50.861,155.565,2285,Stratovolcano,2,,,,,,,,,1,,,,,,,,,,1,,
1981,5,14,Semeru,Java,Indonesia,-8.108,112.922,3657,Stratovolcano,3,m,372,3,120,3,152,3,,,,,372,3,120,3,152,3,,,,
1981,6,30,Mayon,Luzon-Philippines,Philippines,13.257,123.685,2462,Stratovolcano,,m,200,3,,,,,,,,,200,3,,,,,,,,
1981,9,5,Paluweh,Lesser Sunda Is,Indonesia,-8.32,121.708,875,Stratovolcano,2,P,,,,,,,,1,,1,,,,,,,,1,,1
1981,10,20,Krakatau,Indonesia,Indonesia,-6.102,105.423,155,Caldera,1,"A,T,W",,,,,,,,,,,,,,,,,,,,
1981,,,Vilyuchinsky,Kamchatka,Russia,52.7,158.28,2173,Stratovolcano,,A,,1,,,,,,,,,,1,,,,,,,,
1982,3,29,"Chichon, El",Mexico,Mexico,17.36,-93.228,1150,Tuff cone,5,"P,T,M,S",1879,4,1755,4,,,3.3,2,,,1879,4,1755,4,,,3.3,2,,
1982,4,4,"Chichon, El",Mexico,Mexico,17.36,-93.228,1150,Tuff cone,5,P,33,1,,,,,,,,,33,1,,,,,,,,
1982,5,17,Galunggung,Java,Indonesia,-7.25,108.058,2168,Stratovolcano,4,"I,T",68,2,,,,,15,3,,,68,2,,,,,15,3,,
1982,5,27,"Chichon, El",Mexico,Mexico,17.36,-93.228,1150,Tuff cone,5,m,1,1,,,,,,,,,1,1,,,,,,,,
1983,3,8,Klyuchevskoy,Kamchatka,Russia,56.056,160.642,4754,Stratovolcano,2,T,1,1,,,,,,,,,1,1,,,,,,,,
1983,7,23,Colo,Sulawesi-Indonesia,Indonesia,-0.162,121.601,404,Stratovolcano,4,,,,,,,,,2,,3,,,,,,,,2,,3
1983,8,17,Iliwerung,Lesser Sunda Is,Indonesia,-8.532,123.573,583,Complex volcano,1,W,,,,,,,,,,,,,,,,,,,,
1983,10,3,Miyakejima,Izu Is-Japan,Japan,34.094,139.526,775,Stratovolcano,3,"L,T",,,,,,,,1,400,3,,,,,,,,2,400,3
1984,6,13,Sumisujima,Izu Is-Japan,Japan,31.44,140.051,136,Submarine volcano,,"W,S",,,,,,,,,,,,,,,,,,,,
1984,8,15,Oku Volcanic Field,Africa-W,Cameroon,6.25,10.5,3011,Maar,,G,37,1,,,,,,,,,37,1,,,,,,,,
1984,9,9,Mayon,Luzon-Philippines,Philippines,13.257,123.685,2462,Stratovolcano,3,M,1,1,,,,,,,,,1,1,,,,,,,,
1984,9,14,Ontakesan,Honshu-Japan,Japan,35.893,137.48,3067,Complex volcano,,A,29,1,,,,,,,,,29,1,,,,,,,,
1984,10,16,Etna,Italy,Italy,37.748,14.999,3357,Stratovolcano,3,S,1,1,,,,,,,,,1,1,,,,,,,,
1985,5,10,Semeru,Java,Indonesia,-8.108,112.922,3657,Stratovolcano,3,A,70,2,,,,,,,,,70,2,,,,,,,,
1985,11,13,"Ruiz, Nevado del",Colombia,Colombia,4.892,-75.324,5279,Stratovolcano,3,M,23080,4,,,10000,4,,,,,23080,4,,,10000,4,,,,
1985,12,19,Etna,Italy,Italy,37.748,14.999,3357,Stratovolcano,1,S,1,1,,,,,,,,,1,1,,,,,,,,
1986,5,8,Akita-Yakeyama,Honshu-Japan,Japan,39.964,140.757,1366,Complex volcano,,G,1,1,,,,,,,,,1,1,,,,,,,,
1986,7,24,Stromboli,Italy,Italy,38.789,15.213,924,Stratovolcano,2,T,1,1,,,,,,,,,1,1,,,,,,,,
1986,8,21,Oku Volcanic Field,Africa-W,Cameroon,6.25,10.5,3011,Maar,3,G,1700,4,,,300,3,,,,,1700,4,,,300,3,,,,
1986,10,15,Merapi,Java,Indonesia,-7.54,110.446,2910,Stratovolcano,2,M,1,1,,,,,,,,,1,1,,,,,,,,
1986,11,15,Izu-Oshima,Izu Is-Japan,Japan,34.724,139.394,746,Stratovolcano,3,I,1,1,,,,,,,,,1,1,,,,,,,,
1987,1,25,Pacaya,Guatemala,Guatemala,14.382,-90.601,2569,Complex volcano,3,,,,,,15,1,,1,63,2,,,,,15,1,,1,63,2
1987,4,17,Etna,Italy,Italy,37.748,14.999,3357,Stratovolcano,2,T,2,1,,,7,1,,,,,2,1,,,7,1,,,,
1987,12,1,Sirung,Lesser Sunda Is,Indonesia,-8.508,124.13,862,Complex volcano,,,,,,,,,,,,,125,3,,,,3,5,3,237,3
1988,5,9,Banda Api,Banda Sea,Pacific Ocean,-4.523,129.881,596,Caldera,3,"T,L",4,1,,,,,,,,,4,1,,,,,,,,
1988,7,6,Arenal,Costa Rica,Costa Rica,10.463,-84.703,1670,Stratovolcano,3,T,1,1,,,,,,,,,1,1,,,,,,,,
1988,7,30,Semeru,Java,Indonesia,-8.108,112.922,3657,Stratovolcano,3,T,1,1,,,,,,,,,1,1,,,,,,,,
1988,12,25,Lonquimay,Chile-C,Chile,-38.379,-71.586,2832,Stratovolcano,3,T,1,1,,,,,,,,,1,1,,,,,,,,
1988,,,Akita-Yakeyama,Honshu-Japan,Japan,39.964,140.757,1366,Complex volcano,,I,3,1,,,,,,,,,3,1,,,,,,,,
1989,2,12,Asosan,Kyushu-Japan,Japan,32.884,131.104,1592,Caldera,,G,1,1,,,,,,,,,1,1,,,,,,,,
1989,8,26,Kirishimayama,Kyushu-Japan,Japan,31.934,130.862,1700,Shield volcano,,G,2,1,,,,,,,,,2,1,,,,,,,,
1990,2,2,Sheveluch,Kamchatka,Russia,56.653,161.36,3283,Stratovolcano,3,,,,,,,,,1,,,,,,,,,,1,,
1990,2,10,Kelud,Java,Indonesia,-7.935,112.314,1730,Stratovolcano,4,"T,P",32,1,,,,,,,,,32,1,,,,,,,,
1990,3,26,Asosan,Kyushu-Japan,Japan,32.884,131.104,1592,Caldera,2,G,1,1,,,,,,,,,1,1,,,,,,,,
1990,4,18,Asosan,Kyushu-Japan,Japan,32.884,131.104,1592,Caldera,2,G,1,1,,,,,,,,,1,1,,,,,,,,
1990,5,29,Coropuna,Peru,Peru,-15.52,-72.65,6377,Stratovolcano,3,,,,,,,,,1,,,,,,,,,,1,,
1990,6,24,Rabaul,New Britain-SW Pac,Papua New Guinea,-4.271,152.203,688,Pyroclastic shield,,G,6,1,,,,,,,,,6,1,,,,,,,,
1990,7,19,Santa Maria,Guatemala,Guatemala,14.757,-91.552,3745,Stratovolcano,3,T,4,1,,,,,,,,,4,1,,,,,,,,
1990,10,19,Asosan,Kyushu-Japan,Japan,32.884,131.104,1592,Caldera,2,G,1,1,,,,,,,,,1,1,,,,,,,,
1990,11,21,Nyiragongo,Africa-C,"Congo, DRC",-1.52,29.25,3470,Stratovolcano,,S,1,1,,,,,,,,,1,1,,,,,,,,
1990,11,25,Kelud,Java,Indonesia,-7.935,112.314,1730,Stratovolcano,,m,4,1,,,,,,,,,4,1,,,,,,,,
1991,6,3,Unzendake,Kyushu-Japan,Japan,32.761,130.299,1483,Complex volcano,1,P,43,1,,,,,,,,,43,1,,,,,,,,
1991,6,15,Pinatubo,Luzon-Philippines,Philippines,15.13,120.35,1486,Stratovolcano,6,"P,m,I",350,3,,,4,1,,3,,,800,3,,,4,1,,3,,
1991,6,,Mutnovsky,Kamchatka,Russia,52.449,158.196,2288,Complex volcano,,I,1,1,,,,,,,,,1,1,,,,,,,,
1991,7,3,Karthala,Indian O-W,Comoros,-11.75,43.38,2361,Shield volcano,2,,,,,,,,,1,,,,,,,,,,1,,
1991,8,8,"Hudson, Cerro",Chile-S,Chile,-45.9,-72.97,1905,Stratovolcano,5,,,,,,,,,1,,,,,,,,,,1,,
1991,10,24,Lokon-Empung,Sulawesi-Indonesia,Indonesia,1.358,124.792,1580,Stratovolcano,1,"T,P",1,1,,,,,,,,,1,1,,,,,,,,
1991,12,14,Etna,Italy,Italy,37.748,14.999,3357,Stratovolcano,2,,,,,,,,2.5,2,,,,,,,,,2.5,2,,
1992,1,21,Karangetang,Sangihe Is-Indonesia,Indonesia,2.781,125.407,1797,Stratovolcano,2,M,2,1,,,,,,,,,2,1,,,,,,,,
1992,3,18,Dieng Volcanic Complex,Java,Indonesia,-7.2,109.879,2565,Complex volcano,,G,1,1,,,2,1,,,,,1,1,,,2,1,,,,
1992,4,10,"Negro, Cerro",Nicaragua,Nicaragua,12.506,-86.702,728,Cinder cone,3,"T,I",11,1,,,50,1,3,2,,1,11,1,,,50,1,3,2,,1
1992,5,11,Karangetang,Sangihe Is-Indonesia,Indonesia,2.781,125.407,1797,Stratovolcano,1,P,6,1,,,1,1,,,,,6,1,,,1,1,,,,
1992,7,5,Marapi,Sumatra,Indonesia,-0.38,100.474,2885,Complex volcano,2,T,1,1,,,5,1,,,,,1,1,,,5,1,,,,
1992,7,12,Pinatubo,Luzon-Philippines,Philippines,15.13,120.35,1486,Stratovolcano,1,m,6,1,,,,,,,,,6,1,,,,,,,,
1992,9,17,Spurr,Alaska-SW,United States,61.299,-152.251,3374,Stratovolcano,4,I,1,1,,,,,2,2,,,1,1,,,,,2,2,,
1992,,,Semeru,Java,Indonesia,-8.108,112.922,3657,Stratovolcano,3,T,3,1,,,,,,,,,3,1,,,,,,,,
1993,1,14,Galeras,Colombia,Colombia,1.22,-77.37,4276,Complex volcano,2,T,9,1,,,,,,,,,9,1,,,,,,,,
1993,1,21,Wurlali,Banda Sea,Indonesia,-7.125,128.675,868,Stratovolcano,,m,1,1,,,12,1,,,,,1,1,,,12,1,,,,
1993,2,2,Mayon,Luzon-Philippines,Philippines,13.257,123.685,2462,Stratovolcano,2,P,75,2,,,,,,,,,75,2,,,,,,,,
1993,3,12,Guagua Pichincha,Ecuador,Ecuador,-0.171,-78.598,4784,Stratovolcano,1,T,2,1,,,,,,,,,2,1,,,,,,,,
1993,4,19,Kilauea,Hawaiian Is,United States,19.421,-155.287,1222,Shield volcano,,A,1,1,,,22,1,,,,,1,1,,,22,1,,,,
1993,6,13,Krakatau,Indonesia,Indonesia,-6.102,105.423,155,Caldera,1,T,1,1,,,5,1,,,,,1,1,,,5,1,,,,
1993,6,23,Unzendake,Kyushu-Japan,Japan,32.761,130.299,1483,Complex volcano,1,P,1,1,,,,,,,,1,1,1,,,,,,,,1
1993,6,26,Pinatubo,Luzon-Philippines,Philippines,15.13,120.35,1486,Stratovolcano,1,m,4,1,,,,,,,,,4,1,,,,,,,,
1993,10,4,Pinatubo,Luzon-Philippines,Philippines,15.13,120.35,1486,Stratovolcano,,m,14,1,,,,,,,,,14,1,,,,,,,,
1994,1,15,Yasur,Vanuatu-SW Pacific,Vanuatu,-19.532,169.447,361,Stratovolcano,3,T,1,1,,,,,,,,,1,1,,,,,,,,
1994,2,3,Semeru,Java,Indonesia,-8.108,112.922,3657,Stratovolcano,3,P,6,1,,,,,,,,,6,1,,,,,,,,
1994,5,29,Asosan,Kyushu-Japan,Japan,32.884,131.104,1592,Caldera,1,G,1,1,,,,,,,,,1,1,,,,,,,,
1994,6,6,"Huila, Nevado del",Colombia,Colombia,2.93,-76.03,5364,Stratovolcano,,m,,,,,,,,,,,650,3,,,,,2.4,2,200,3
1994,9,19,Rabaul,New Britain-SW Pac,Papua New Guinea,-4.271,152.203,688,Pyroclastic shield,3,T,4,1,,,,,86,4,,,4,1,,,,,86,4,,1
1994,11,3,Rinjani,Lesser Sunda Is,Indonesia,-8.42,116.47,3726,Stratovolcano,3,m,31,1,,,,,,,,,31,1,,,,,,,,
1994,11,22,Merapi,Java,Indonesia,-7.54,110.446,2910,Stratovolcano,3,,60,2,,,,,,,,,60,2,,,,,,,,
1995,2,4,Yasur,Vanuatu-SW Pacific,Vanuatu,-19.532,169.447,361,Stratovolcano,3,T,2,1,,,,,,,,,2,1,,,,,,,,
1995,2,11,Yakedake,Honshu-Japan,Japan,36.227,137.587,2455,Stratovolcano,1,T,4,1,,,,,,,,,4,1,,,,,,,,
1995,4,2,Fogo,Cape Verde Is,Cape Verde,14.95,-24.35,2829,Stratovolcano,2,,,,,,20,1,,1,10,1,,,,,20,1,,1,10,1
1995,4,7,Pacaya,Guatemala,Guatemala,14.382,-90.601,2569,Complex volcano,3,M,1,1,,,,,,1,1,1,1,1,,,,,,1,1,1
1995,5,15,Kelimutu,Lesser Sunda Is,Indonesia,-8.77,121.82,1639,Complex volcano,,,1,1,,,,,,,,,1,1,,,,,,,,
1995,9,6,Parker,Mindanao-Philippines,Philippines,6.113,124.892,1824,Stratovolcano,,,60,2,,,,,,2,300,3,60,2,,,,,,2,300,3
1996,1,2,Karymsky,Kamchatka,Russia,54.049,159.443,1513,Stratovolcano,2,,,,,,,,,,,,,,,,,,,,,
1996,4,30,Popocatepetl,Mexico,Mexico,19.023,-98.622,5393,Stratovolcano,3,,5,1,,,,,,1,,,5,1,,,,,,1,,
1996,8,10,Kanlaon,Philippines-C,Philippines,10.412,123.132,2435,Stratovolcano,2,T,3,1,,,18,1,,,,,3,1,,,18,1,,,,
1996,9,4,Sumisujima,Izu Is-Japan,Japan,31.44,140.051,136,Submarine volcano,,"S,W",,,,,,,,,,,,,,,,,,,,
1996,9,27,Maderas,Nicaragua,Nicaragua,11.446,-85.515,1394,Stratovolcano,,m,6,1,,,,1,,,,,6,1,,,,1,,,,
1996,9,30,Grimsvotn,Iceland-NE,Iceland,64.416,-17.316,1719,Caldera,3,,,,,,,,,1,,,,,,,,,,1,,
1996,12,3,Manam,New Guinea-NE of,Papua New Guinea,-4.08,145.037,1807,Stratovolcano,3,P,13,1,,,29,1,,,,,13,1,,,29,1,,,,
1997,1,14,Merapi,Java,Indonesia,-7.54,110.446,2910,Stratovolcano,2,,6,1,,,,1,,,,,6,1,,,,1,,,,
1997,4,17,Karangetang,Sangihe Is-Indonesia,Indonesia,2.781,125.407,1797,Stratovolcano,1,P,3,1,,,,,,,,,3,1,,,,,,,,
1997,6,25,Soufriere Hills,W Indies,Montserrat,16.72,-62.18,915,Stratovolcano,3,P,22,1,1,,,,,,,,22,1,,,,,,,,
1997,7,12,Hakkodasan,Honshu-Japan,Japan,40.659,140.877,1585,Stratovolcano,,G,3,1,,,,,,,,,3,1,,,,,,,,
1997,8,1,Soufriere Hills,W Indies,Montserrat,16.72,-62.18,915,Stratovolcano,3,,2,1,,,,,,,,,2,1,,,,,,,,
1997,9,2,Semeru,Java,Indonesia,-8.108,112.922,3657,Stratovolcano,3,T,2,1,,,,,,,,,2,1,,,,,,,,
1997,9,15,Adatarayama,Honshu-Japan,Japan,37.647,140.281,1728,Stratovolcano,,G,4,1,,,,,,,,,4,1,,,,,,,,
1997,11,23,Asosan,Kyushu-Japan,Japan,32.884,131.104,1592,Caldera,,G,2,1,,,,,,,,,2,1,,,,,,,,
1997,12,26,Soufriere Hills,W Indies,Montserrat,16.72,-62.18,915,Stratovolcano,,,,,,,,,,,,,,,,,,,,,,
1998,4,28,Kilauea,Hawaiian Is,United States,19.421,-155.287,1222,Shield volcano,,L,1,1,,,,,,,,,,,,,,,,,,
1998,7,,Kelud,Java,Indonesia,-7.935,112.314,1730,Stratovolcano,,m,10,1,,,,,,,,,10,1,,,,,,,,
1998,10,30,San Cristobal,Nicaragua,Nicaragua,12.702,-87.004,1745,Stratovolcano,,m,1620,4,,,,,,,,,1620,4,,,,,,,,
1999,1,20,Soufriere Hills,W Indies,Montserrat,16.72,-62.18,915,Stratovolcano,3,,,,,,,,,,,,,,,,,,,,,
1999,5,21,Fuego,Guatemala,Guatemala,14.473,-90.88,3763,Stratovolcano,2,,,,,,,,,,,,,,,,,,,,,
1999,8,15,Sheveluch,Kamchatka,Russia,56.653,161.36,3283,Stratovolcano,4,,,,,,,,,1,,,,,,,,,,,,
1999,10,5,Guagua Pichincha,Ecuador,Ecuador,-0.171,-78.598,4784,Stratovolcano,3,T,2,1,,,,,,,,,2,1,,,,,,,,
1999,10,16,Tungurahua,Ecuador,Ecuador,-1.467,-78.442,5023,Stratovolcano,3,T,1,1,,,4,1,,,,,1,1,,,4,1,,,,
2000,6,27,Miyakejima,Izu Is-Japan,Japan,34.094,139.526,775,Stratovolcano,2,,,,,,,,,1,,,1,1,,,,3,,1,,
2000,7,27,Semeru,Java,Indonesia,-8.108,112.922,3657,Stratovolcano,3,T,2,1,,,,,,,,,2,1,,,,,,,,
2000,8,23,Arenal,Costa Rica,Costa Rica,10.463,-84.703,1670,Stratovolcano,3,P,2,1,,,1,1,,,,,2,1,,,1,1,,,,
2000,11,3,Kilauea,Hawaiian Is,United States,19.421,-155.287,1222,Shield volcano,,G,2,1,,,,,,,,,2,1,,,,,,,,
2000,11,,Merapi,Java,Indonesia,-7.54,110.446,2910,Stratovolcano,2,A,1,1,,,,,,,,,1,1,,,,,,,,
2001,5,14,Etna,Italy,Italy,37.748,14.999,3357,Stratovolcano,3,,1,1,,,,,,1,,,1,1,,,,,,1,,
2001,7,26,Etna,Italy,Italy,37.748,14.999,3357,Stratovolcano,2,,,,,,,,,1,,1,,,,,,,,1,,1
2001,8,5,Merapi,Java,Indonesia,-7.54,110.446,2910,Stratovolcano,2,P,2,1,,,,,,,,,2,1,,,,,,,,
2001,10,20,Stromboli,Italy,Italy,38.789,15.213,924,Stratovolcano,2,T,1,1,,,,,,,,,1,1,,,,,,,,
2002,1,3,Karangetang,Sangihe Is-Indonesia,Indonesia,2.781,125.407,1797,Stratovolcano,3,M,,,,,,,,1,,1,,,,,,,,1,,1
2002,1,17,Nyiragongo,Africa-C,"Congo, DRC",-1.52,29.25,3470,Stratovolcano,1,,100,2,,,400,3,,3,,3,100,2,,,,3,,3,,3
2002,8,28,Etna,Italy,Italy,37.748,14.999,3357,Stratovolcano,3,,,,,,32,1,,2,,2,,,,,32,1,,2,,2
2002,11,3,Reventador,Ecuador,Ecuador,-0.077,-77.656,3562,Stratovolcano,4,I,,1,,,,1,,1,,1,,1,,,,1,,1,,1
2002,12,30,Stromboli,Italy,Italy,38.789,15.213,924,Stratovolcano,,,,,,,,1,,1,,1,,,,,,1,,1,,1
2002,,,Semeru,Java,Indonesia,-8.108,112.922,3657,Stratovolcano,3,T,3,1,,,,,,,,,3,1,,,,,,,,
2003,7,12,Soufriere Hills,W Indies,Montserrat,16.72,-62.18,915,Stratovolcano,3,,,,,,,,,,,,,,,,,,,,,
2004,1,29,Egon,Lesser Sunda Is,Indonesia,-8.676,122.455,1661,Stratovolcano,1,T,1,1,,,,,,,,,1,1,,,,,,,,
2004,6,8,Tengger Caldera,Java,Indonesia,-7.942,112.95,2329,Stratovolcano,2,T,2,1,,,5,1,,,,,,,,,,,,,,
2004,10,24,Manam,New Guinea-NE of,Papua New Guinea,-4.08,145.037,1807,Stratovolcano,4,T,5,1,,,,,,,,,5,1,,,,,,,,
2005,1,27,Manam,New Guinea-NE of,Papua New Guinea,-4.08,145.037,1807,Stratovolcano,4,T,1,1,,,14,1,,,,,1,1,,,14,1,,,,
2005,10,1,Santa Ana,El Salvador,El Salvador,13.853,-89.63,2381,Stratovolcano,3,A,2,1,,,,1,,,,,2,1,,,,1,,,,
2005,11,24,Karthala,Indian O-W,Comoros,-11.75,43.38,2361,Shield volcano,,,,1,,,,,,1,,,,1,,,,,,1,,
2006,1,1,Sumisujima,Izu Is-Japan,Japan,31.44,140.051,136,Submarine volcano,,"S,W",,,,,,,,,,,,,,,,,,,,
2006,3,17,Raoul Island,Kermadec Is,New Zealand,-29.27,-177.92,516,Stratovolcano,,,1,1,,,,,,,,,1,1,,,,,,,,
2006,5,20,Soufriere Hills,W Indies,Montserrat,16.72,-62.18,915,Stratovolcano,2,P,,,,,,,,,,,,,,,,,,,,
2006,6,7,Bulusan,Luzon-Philippines,Philippines,12.769,124.056,1535,Stratovolcano,2,,1,1,,,,,,,,,1,1,,,,,,,,
2006,6,14,Merapi,Java,Indonesia,-7.54,110.446,2910,Stratovolcano,1,,2,1,,,,,,,,,2,1,,,,,,,,
2006,7,18,Tungurahua,Ecuador,Ecuador,-1.467,-78.442,5023,Stratovolcano,3,,1,1,,,,,,,,,1,1,,,,,,,,
2006,8,17,Tungurahua,Ecuador,Ecuador,-1.467,-78.442,5023,Stratovolcano,3,T,5,1,,2,13,1,,3,,3,6,1,,2,,2,,3,,3
2006,11,30,Mayon,Luzon-Philippines,Philippines,13.257,123.685,2462,Stratovolcano,1,m,1266,4,,,,,,1,,,1266,4,,,,,,1,,
2007,3,,Manam,New Guinea-NE of,Papua New Guinea,-4.08,145.037,1807,Stratovolcano,4,M,4,1,,,1,1,,,,,4,1,,,1,1,,,,
2007,4,18,"Huila, Nevado del",Colombia,Colombia,2.93,-76.03,5364,Stratovolcano,,,,,,,,,,2,,1,,,,,,,,2,,1
2007,5,19,Ritter Island,New Guinea-NE of,Papua New Guinea,-5.519,148.115,75,Stratovolcano,1,"A,W",,,,,,,,1,,1,,,,,,,,1,,1
2007,7,7,Salak,Java,Indonesia,-6.716,106.733,2218,Stratovolcano,,G,6,1,,,,,,,,,6,1,,,,,,,,
2007,9,30,"Tair, Jebel at",Red Sea,Yemen,15.55,41.83,244,Stratovolcano,,,7,1,,,1,1,,,,,7,1,,,,1,,,,
2008,5,2,Chaiten,Chile-S,Chile,-42.833,-72.646,1122,Caldera,,,1,1,,,,,,,,,1,1,,,,,,,,
2008,8,8,Kasatochi,Aleutian Is,United States,52.177,-175.508,314,Stratovolcano,3,,,,,,,,,,,,,,,,,,,,,
2008,8,22,Tungurahua,Ecuador,Ecuador,-1.467,-78.442,5023,Stratovolcano,3,M,2,1,,,2,1,,1,2,1,2,1,,,2,1,,1,2,1
2008,11,20,"Huila, Nevado del",Colombia,Colombia,2.93,-76.03,5364,Stratovolcano,,,10,1,,1,,1,,,,,10,1,,1,,1,,,,
2009,3,23,Redoubt,Alaska-SW,United States,60.485,-152.742,3108,Stratovolcano,,,,,,,,,,1,,,,,,,,,,1,,
2009,11,30,Kilauea,Hawaiian Is,United States,19.421,-155.287,1222,Shield volcano,,,,,,,,,,2,,,,,,,,,,2,,
2010,1,,Tungurahua,Ecuador,Ecuador,-1.467,-78.442,5023,Stratovolcano,3,,,,,,,,,1,,,,,,,,,,1,,
2010,3,31,Eyjafjallajokull,Iceland-S,Iceland,63.633,-19.633,1651,Stratovolcano,2,,2,1,,,,,,,,,2,1,,,,,,,,
2010,5,27,Pacaya,Guatemala,Guatemala,14.382,-90.601,2569,Complex volcano,1,T,1,1,3,1,,,,1,3,1,1,1,3,1,,,,1,3,1
2010,5,29,Zealandia Bank,Mariana Is-C Pacific,United States,16.88,145.85,0,Stratovolcano,,,,,,,,,,,,,,,,,,,,,,
2010,8,6,Karangetang,Sangihe Is-Indonesia,Indonesia,2.781,125.407,1797,Stratovolcano,3,,4,1,,,5,1,,,,1,4,1,,,5,1,,,,1
2010,8,30,Sinabung,Sumatra,Indonesia,3.17,98.392,2460,Stratovolcano,,,2,1,,,,,,,,,2,1,,,,,,,,
2010,10,26,Merapi,Java,Indonesia,-7.54,110.446,2910,Stratovolcano,,,367,3,,,277,3,600,4,,3,367,3,,,277,3,600,4,,3
2010,11,,Tungurahua,Ecuador,Ecuador,-1.467,-78.442,5023,Stratovolcano,3,,,,,,,,,1,,,,,,,,,,1,,
2010,12,28,Tengger Caldera,Java,Indonesia,-7.942,112.95,2329,Stratovolcano,,,,,,,,,,1,,,,,,,,,,,,
2011,1,3,Merapi,Java,Indonesia,-7.54,110.446,2910,Stratovolcano,,M,1,1,,,1,1,,1,,,1,1,,,1,1,,1,,
2011,1,28,Kirishimayama,Kyushu-Japan,Japan,31.934,130.862,1700,Shield volcano,,,,,,,,1,,1,,,,,,,,1,,1,,
2011,2,23,Bulusan,Luzon-Philippines,Philippines,12.769,124.056,1535,Stratovolcano,2,,1,1,,,,,,,,,1,1,,,,,,,,
2011,3,18,Karangetang,Sangihe Is-Indonesia,Indonesia,2.781,125.407,1797,Stratovolcano,,,,,,,,,,1,,,,,,,,,,1,,
2011,4,,Tungurahua,Ecuador,Ecuador,-1.467,-78.442,5023,Stratovolcano,4,,,,,,,,,1,,,,,,,,,,1,,
2011,6,4,Puyehue-Cordon Caulle,Chile-C,Chile,-40.59,-72.117,2236,Stratovolcano,4,,,,,,,,,2,,,,,,,,,,2,,
2011,6,22,Nabro,Africa-NE,Eritrea,13.37,41.7,2218,Stratovolcano,4,,31,1,,,,3,,1,,,31,1,,,,3,,1,,
2011,7,9,Katla,Iceland-S,Iceland,63.633,-19.083,1490,Subglacial volcano,,,,,,,,,,1,,,,,,,,,,1,,
2011,7,17,Lokon-Empung,Sulawesi-Indonesia,Indonesia,1.358,124.792,1580,Stratovolcano,,,1,1,,,,,,,,,1,1,,,,,,,,
2011,12,27,Gamalama,Halmahera-Indonesia,Indonesia,0.8,127.33,1715,Stratovolcano,3,m,4,1,,,,1,,,,,4,1,,,,1,,,,
2012,2,10,Kilauea,Hawaiian Is,United States,19.421,-155.287,1222,Shield volcano,,,,,,,,,,2,,,,,,,,,,2,,
2012,3,2,Kilauea,Hawaiian Is,United States,19.421,-155.287,1222,Shield volcano,,L,,,,,,,,1,1,1,,,,,,,,,,
2012,12,12,Tolbachik,Kamchatka,Russia,55.832,160.326,3611,Shield volcano,,,,,,,,,,1,,,,,,,,,,1,,
2013,2,12,Merapi,Java,Indonesia,-7.54,110.446,2910,Stratovolcano,,M,1,1,,,1,1,,1,,,1,1,,,1,1,,1,,
2013,2,,Paluweh,Lesser Sunda Is,Indonesia,-8.32,121.708,875,Stratovolcano,,,,,,,,,,1,,1,,,,,,,,1,,1
2013,5,7,Mayon,Luzon-Philippines,Philippines,13.257,123.685,2462,Stratovolcano,,,5,1,,,8,1,,,,,5,1,,,8,1,,,,
2013,8,10,Paluweh,Lesser Sunda Is,Indonesia,-8.32,121.708,875,Stratovolcano,3,,5,1,,,,,,,,,5,1,,,,,,,,
2013,9,1,Ubinas,Peru,Peru,-16.355,-70.903,5672,Stratovolcano,,,,,,,,,,1,,,,,,,,,,1,,
2013,9,4,Aira,Kyushu-Japan,Japan,31.593,130.657,1117,Stratovolcano,,,,,,,,,,1,,,,,,,,,,1,,
2013,9,15,Sinabung,Sumatra,Indonesia,3.17,98.392,2460,Stratovolcano,2,,,,,,,,,2,,,,,,,,,,2,,
2013,12,13,Okataina,New Zealand,New Zealand,-38.12,176.5,1111,Lava dome,,G,1,1,,,,,,,,,1,1,,,,,,,,
2014,2,1,Sinabung,Sumatra,Indonesia,3.17,98.392,2460,Stratovolcano,,,17,1,,,3,1,,1,,2,17,1,,,3,1,,1,,2
2014,2,13,Kelud,Java,Indonesia,-7.935,112.314,1730,Stratovolcano,,,7,1,,,,,,3,4098,4,7,1,,,,,,3,4098,4
2014,9,27,Ontakesan,Honshu-Japan,Japan,35.893,137.48,3067,Complex volcano,3,,55,2,,,70,2,,,,,55,2,,,70,2,,,,
2014,11,10,Kilauea,Hawaiian Is,United States,19.421,-155.287,1222,Shield volcano,,,,,,,,,14.5,3,1,1,,,,,,,14.5,3,1,1
2014,11,23,Fogo,Cape Verde Is,Cape Verde,14.95,-24.35,2829,Stratovolcano,,,,,,,,,,2,230,3,,,,,,,,2,230,3
2014,12,18,Gamalama,Halmahera-Indonesia,Indonesia,0.8,127.33,1715,Stratovolcano,,,1,1,,,4,1,,,,,1,1,,,4,1,,,,
2015,2,20,Sinabung,Sumatra,Indonesia,3.17,98.392,2460,Stratovolcano,,,,,,,,,,1,,1,,,,,,,,1,,1
2015,4,22,Calbuco,Chile-S,Chile,-41.33,-72.618,1974,Stratovolcano,,,,,,,,,,2,,2,,,,,,,,2,,2
2015,5,2,Sumisujima,Izu Is-Japan,Japan,31.44,140.051,136,Submarine volcano,,"S,W",,,,,,,,,,,,,,,,,,,,
2015,5,7,Karangetang,Sangihe Is-Indonesia,Indonesia,2.781,125.407,1797,Stratovolcano,,,,,,,,,,1,,1,,,,,,,,1,,1
2015,7,31,Manam,New Guinea-NE of,Papua New Guinea,-4.08,145.037,1807,Stratovolcano,2,,,,,,2,1,,1,,,,,,,2,1,,1,,
2015,10,16,Sinabung,Sumatra,Indonesia,3.17,98.392,2460,Stratovolcano,,M,1,1,,,,,,1,,,1,1,,,,,,1,,
2015,10,,Okataina,New Zealand,New Zealand,-38.12,176.5,1111,Lava dome,,I,1,1,,,,,,,,,1,1,,,,,,,,
2016,5,9,Sinabung,Sumatra,Indonesia,3.17,98.392,2460,Stratovolcano,,,1,1,,,4,1,,1,3,1,1,1,,,4,1,,1,,
2016,5,21,Sinabung,Sumatra,Indonesia,3.17,98.392,2460,Stratovolcano,,,7,1,,,3,1,100,4,,,7,1,,,3,1,100,4,,
2016,6,9,Yellowstone,US-Wyoming,United States,44.43,-110.67,2805,Caldera,,,1,1,,,,,,,,,1,1,,,,,,,,
2016,9,27,Rinjani,Lesser Sunda Is,Indonesia,-8.42,116.47,3726,Stratovolcano,,,,,44,1,,,,,,,,,44,1,,,,,,
2016,10,8,Asosan,Kyushu-Japan,Japan,32.884,131.104,1592,Caldera,,T,,,,,,,,1,,,,,,,,,,1,,
2017,3,15,Etna,Italy,Italy,37.748,14.999,3357,Stratovolcano,,P,,,,,10,1,,,,,,,,,10,1,,,,
2017,4,13,Sinabung,Sumatra,Indonesia,3.17,98.392,2460,Stratovolcano,2,P,,,,,,,,1,,2,,,,,,,,1,,2
2017,6,6,Fuego,Guatemala,Guatemala,14.473,-90.88,3763,Stratovolcano,2,P,,,,,,,,2,,,,,,,,,,2,,
2017,7,1,Dieng Volcanic Complex,Java,Indonesia,-7.2,109.879,2565,Complex volcano,,,8,1,,,11,1,,,,,8,1,,,11,1,,,,
2017,9,12,Campi Flegrei,Italy,Italy,40.827,14.139,458,Caldera,,,3,1,,,,,,,,,3,1,,,,,,,,
2017,9,23,Ambae,Vanuatu-SW Pacific,Vanuatu,-15.389,167.835,1496,Shield volcano,,T,,,,,,,,1,,,,,,,,,,1,,
2017,12,18,Merapi,Java,Indonesia,-7.54,110.446,2910,Stratovolcano,,A,8,1,,,8,1,,,,,8,1,,,8,1,,,,
2017,12,27,Sinabung,Sumatra,Indonesia,3.17,98.392,2460,Stratovolcano,,T,,,,,,,,2,,,,,,,,,,2,,
2018,1,5,Kadovar,New Guinea-NE of,Papua New Guinea,-3.608,144.588,365,Stratovolcano,2,T,,,,,,,,1,,,,,,,,,,1,,
2018,1,13,Mayon,Luzon-Philippines,Philippines,13.257,123.685,2462,Stratovolcano,2,"T,P",,,,,1972,4,3.564,2,,,,,,,1972,4,3.564,2,,
2018,1,23,Kusatsu-Shiranesan,Honshu-Japan,Japan,36.618,138.528,2165,Stratovolcano,1,T,1,1,,,11,1,,1,,,1,1,,,11,1,,1,,
2018,2,1,Kilauea,Hawaiian Is,United States,19.421,-155.287,1222,Shield volcano,1,G,1,1,,,3,1,,,,,1,1,,,3,1,,,,
2018,2,9,Kadovar,New Guinea-NE of,Papua New Guinea,-3.608,144.588,365,Stratovolcano,2,W,,,,,,,,,,,,,,,,,,,,
2018,3,21,Ijen,Java,Indonesia,-8.058,114.242,2769,Stratovolcano,,G,,,,,30,1,,,,,,,,,30,1,,,,
2018,3,30,Ambae,Vanuatu-SW Pacific,Vanuatu,-15.389,167.835,1496,Shield volcano,3,"T,G,M",4,1,,,,,,2,,1,4,1,,,,,,2,,1
2018,4,28,Kilauea,Hawaiian Is,United States,19.421,-155.287,1222,Shield volcano,1,L,,,,,1,1,370,4,716,3,,,,,1,1,370,4,716,3
2018,5,6,Sumisujima,Izu Is-Japan,Japan,31.44,140.051,136,Submarine volcano,,"S,W",,,,,,,,,,,,,,,,,,,,
2018,6,3,Fuego,Guatemala,Guatemala,14.473,-90.88,3763,Stratovolcano,2,P,201,3,229,3,27,1,120,4,186,3,201,3,229,3,27,1,120,4,186,3
2018,7,16,Kilauea,Hawaiian Is,United States,19.421,-155.287,1222,Shield volcano,,T,,,,,23,1,1,1,,,,,,,23,1,1,1,,
2018,8,25,Manam,New Guinea-NE of,Papua New Guinea,-4.08,145.037,1807,Stratovolcano,4,"L,T",,,,,,,,3,164,3,,,,,,,,3,164,3
2018,12,15,Ambrym,Vanuatu-SW Pacific,Vanuatu,-16.25,168.12,1334,Pyroclastic shield,2,"S,T,G",,,,,,,,2,,1,,,,,,,,2,,1
2018,12,22,Krakatau,Indonesia,Indonesia,-6.102,105.423,155,Caldera,3,W,,,,,,,,,,,437,3,10,1,31943,4,250,4,2844,4
2018,12,26,Etna,Italy,Italy,37.748,14.999,3357,Stratovolcano,2,S,,,,,,,,,,,,,,,28,1,115,4,15,1
2019,1,7,Manam,New Guinea-NE of,Papua New Guinea,-4.08,145.037,1807,Stratovolcano,4,T,,,,,,,,1,,,,,,,,,,1,,
2019,5,7,Sinabung,Sumatra,Indonesia,3.17,98.392,2460,Stratovolcano,4,T,,,,,,,,2,,,,,,,,,,2,,
2019,6,26,Ulawun,New Britain-SW Pac,Papua New Guinea,-5.05,151.33,2334,Stratovolcano,4,"P,T",,,,,2,1,14,3,,,,,,,2,1,14,3,,
2019,6,28,Manam,New Guinea-NE of,Papua New Guinea,-4.08,145.037,1807,Stratovolcano,4,"A,P,T",,,,,,,,2,,,,,,,,,,2,,
2019,7,3,Stromboli,Italy,Italy,38.789,15.213,924,Stratovolcano,2,"P,T",1,1,,,1,1,,,,,1,1,,,1,1,,,,
2019,8,28,Stromboli,Italy,Italy,38.789,15.213,924,Stratovolcano,2,W,,,,,,,,,,,,,,,,,,,,
2019,12,9,Whakaari/White Island,New Zealand,New Zealand,-37.52,177.18,294,Stratovolcano,2,T,22,1,,,25,1,,,,,22,1,,,25,1,,,,
2020,1,12,Taal,Luzon-Philippines,Philippines,14.002,120.993,311,Stratovolcano,4,T,39,1,,,,,67,4,4573,4,39,1,,,,,67,4,4573,4
2020,5,29,Ijen,Java,Indonesia,-8.058,114.242,2769,Stratovolcano,,"G,W, S",1,1,,,,,,,,,1,1,,,,,,,,
2021,3,5,Sangay,Ecuador,Ecuador,-2.005,-78.341,5286,Stratovolcano,2,T,,,,,,,,2,,,,,,,,,,2,,
2021,3,,Pacaya,Guatemala,Guatemala,14.382,-90.601,2569,Complex volcano,1,"L,T",,,,,,,,1,,,,,,,,,,1,,
2021,4,9,Soufriere St. Vincent,W Indies,St. Vincent & the Grenadines,13.33,-61.18,1220,Stratovolcano,4,"T,W",,,,,,,325,4,,,,,,,,,325,4,,
2021,5,22,Nyiragongo,Africa-C,"Congo, DRC",-1.52,29.25,3470,Stratovolcano,2,"L,I,S",32,1,,,,,,3,5000,4,32,1,,,,,,3,5000,4
2021,9,19,La Palma,Canary Is,Spain,28.57,-17.83,2426,Stratovolcano,3,L,1,1,,,,,900,4,1345,4,1,1,,,,,900,4,1345,4
2021,12,4,Semeru,Java,Indonesia,-8.108,112.922,3657,Stratovolcano,4,T,51,1,9,1,169,3,20,3,2970,4,45,1,9,1,169,3,20,3,2970,4
2022,1,15,Hunga Tonga-Hunga Ha'apai,Tonga-SW Pacific,Tonga,-20.536,-175.382,114,Submarine volcano,5,W,,,,,,,,3,,,6,1,,,20,1,107.768,4,284,3
2022,6,22,Popocatepetl,Mexico,Mexico,19.023,-98.622,5393,Stratovolcano,2,P,1,1,,,,,,,,,1,1,,,,,,,,
2022,10,9,Stromboli,Italy,Italy,38.789,15.213,924,Stratovolcano,2,"P,W",,,,,,,,,,,,,,,,,,,,
2022,12,4,Stromboli,Italy,Italy,38.789,15.213,924,Stratovolcano,2,"P,W",,,,,,,,,,,,,,,,,,,,
2022,12,4,Semeru,Java,Indonesia,-8.108,112.922,3657,Stratovolcano,4,"T,M",,,,,,,,1,,,,,,,,,,1,,
2023,1,31,Epi,Vanuatu-SW Pacific,Vanuatu,-16.68,168.37,833,Stratovolcano,,W,,,,,,,,,,,,,,,,,,,,
2023,7,7,Bagana,Bougainville-SW Paci,Papua New Guinea,-6.137,155.196,1855,Lava cone,2,"T,G",,,,,,,,1,,1,,,,,,,,1,,1
2023,12,3,Marapi,Sumatra,Indonesia,-0.38,100.474,2885,Complex volcano,,"P,T",23,1,0,,12,1,,,,,23,1,0,,12,1,,,,
2023,12,18,Reykjanes,Iceland-SW,Iceland,63.817,-22.717,140,Crater rows,,"S,L",1,1,,,,,,2,3,1,1,1,,,,,,2,3,1
